PRAGMA foreign_keys = ON;

DROP TABLE user;
CREATE table user(	
			username TEXT UNIQUE, 
			password TEXT);


DROP TABLE familien;
CREATE table familien(	
			id INTEGER PRIMARY KEY AUTOINCREMENT, 
			name TEXT);

DROP TABLE kontaktpersonen;
CREATE table kontaktpersonen(	
				id INTEGER PRIMARY KEY AUTOINCREMENT, 
				name TEXT, 
				vorname TEXT, 
				email TEXT,
				istStandardEmailKontakt INTEGER,
				mobilNr TEXT, 
				festnetzNr TEXT, 
				sonstNr TEXT,
				anschrift TEXT,
				kommentar TEXT, 
				familienId INTEGER REFERENCES familien(id) ON DELETE CASCADE);

DROP table kinder;
CREATE table kinder(		
				id INTEGER PRIMARY KEY AUTOINCREMENT,
				name TEXT,
				vorname TEXT,
				geburtsdatum TEXT,
				familienId INTEGER REFERENCES familien(id) ON DELETE CASCADE);

DROP table schlagwoerter;
CREATE table schlagwoerter(	
				id INTEGER PRIMARY KEY AUTOINCREMENT,
				bezeichnung TEXT UNIQUE,
				kommentar TEXT);
				
DROP table kinderschlagwoerter;
CREATE table kinderschlagwoerter(	
				id INTEGER PRIMARY KEY AUTOINCREMENT,
				kinderId INTEGER REFERENCES kinder(id) ON DELETE CASCADE,
				schlagwoerterId INTEGER REFERENCES schlagwoerter(id) ON DELETE CASCADE);

DROP table mittagessen;
CREATE table mittagessen(	
				id INTEGER PRIMARY KEY AUTOINCREMENT,
				kinderId INTEGER REFERENCES kinder(id) ON DELETE CASCADE,
				pauschaleFruehstueck REAL,
				kostenMittagessen REAL,
				anzahlMittagessen INTEGER,
				abrechnungsmonat TEXT,
				UNIQUE (kinderId, abrechnungsmonat));


INSERT INTO user(username, password) VALUES
	('axel.barkow', 'pass'),
	('monika.hoevel', 'ha8Gqn6E2');

INSERT INTO schlagwoerter(id, bezeichnung) VALUES
	(1, 'Gruppe blau'),
	(2, 'Gruppe grün'),
	(3, 'Gruppe rot'),
	(4, 'Stunden 35'),
	(5, 'Stunden 45'),
	(6, 'Waldkind'),
	(7, 'Schwimmkind'),
	(8, 'Vorschulkind'),
	(9, 'Turngruppe U2'),
	(10, 'Turngruppe 2-3'),
	(11, 'Turngruppe 3-4'),
	(12, 'Turngruppe 4-5'),
	(13, 'Turngruppe 5-6');
	
CREATE table variablen(name TEXT UNIQUE, wert TEXT);

INSERT INTO Familien(name) VALUES('Adam');INSERT OR REPLACE INTO variablen(name,wert) VALUES('familienId', (SELECT last_insert_rowid()));INSERT INTO Kinder(name,vorname,familienId) VALUES('Adam','Mia',(SELECT wert FROM variablen WHERE name='familienId'));INSERT OR REPLACE INTO variablen(name,wert) VALUES('kinderId', (SELECT last_insert_rowid()));INSERT INTO kinderschlagwoerter(kinderId, schlagwoerterId) VALUES ((SELECT wert FROM variablen WHERE name = 'kinderId'),(SELECT id FROM schlagwoerter WHERE bezeichnung='Gruppe blau'));INSERT INTO kinderschlagwoerter(kinderId, schlagwoerterId) VALUES ((SELECT wert FROM variablen WHERE name = 'kinderId'),(SELECT id FROM schlagwoerter WHERE bezeichnung='Waldkind'));INSERT INTO kinderschlagwoerter(kinderId, schlagwoerterId) VALUES ((SELECT wert FROM variablen WHERE name = 'kinderId'),(SELECT id FROM schlagwoerter WHERE bezeichnung='Schwimmkind'));INSERT INTO kinderschlagwoerter(kinderId, schlagwoerterId) VALUES ((SELECT wert FROM variablen WHERE name = 'kinderId'),(SELECT id FROM schlagwoerter WHERE bezeichnung='Stunden 45'));INSERT INTO kinderschlagwoerter(kinderId, schlagwoerterId) VALUES ((SELECT wert FROM variablen WHERE name = 'kinderId'),(SELECT id FROM schlagwoerter WHERE bezeichnung='Turngruppe 4-5'));INSERT INTO Kontaktpersonen(name, vorname, email, familienId, istStandardEmailKontakt) VALUES ('Adam','Miriam','miristern@gmx.de',(SELECT wert FROM variablen WHERE name='familienId'),1);
INSERT INTO Familien(name) VALUES('Birgden ');INSERT OR REPLACE INTO variablen(name,wert) VALUES('familienId', (SELECT last_insert_rowid()));INSERT INTO Kinder(name,vorname,familienId) VALUES('Birgden','Elija',(SELECT wert FROM variablen WHERE name='familienId'));INSERT OR REPLACE INTO variablen(name,wert) VALUES('kinderId', (SELECT last_insert_rowid()));INSERT INTO kinderschlagwoerter(kinderId, schlagwoerterId) VALUES ((SELECT wert FROM variablen WHERE name = 'kinderId'),(SELECT id FROM schlagwoerter WHERE bezeichnung='Gruppe blau'));INSERT INTO kinderschlagwoerter(kinderId, schlagwoerterId) VALUES ((SELECT wert FROM variablen WHERE name = 'kinderId'),(SELECT id FROM schlagwoerter WHERE bezeichnung='Waldkind'));INSERT INTO kinderschlagwoerter(kinderId, schlagwoerterId) VALUES ((SELECT wert FROM variablen WHERE name = 'kinderId'),(SELECT id FROM schlagwoerter WHERE bezeichnung='Schwimmkind'));INSERT INTO kinderschlagwoerter(kinderId, schlagwoerterId) VALUES ((SELECT wert FROM variablen WHERE name = 'kinderId'),(SELECT id FROM schlagwoerter WHERE bezeichnung='Stunden 45'));INSERT INTO kinderschlagwoerter(kinderId, schlagwoerterId) VALUES ((SELECT wert FROM variablen WHERE name = 'kinderId'),(SELECT id FROM schlagwoerter WHERE bezeichnung='Turngruppe 4-5'));INSERT INTO Kontaktpersonen(name, vorname, email, familienId, istStandardEmailKontakt) VALUES ('Birgden ','','birgden@Kirche-Koeln.de',(SELECT wert FROM variablen WHERE name='familienId'),1);
INSERT INTO Familien(name) VALUES('Freiberger');INSERT OR REPLACE INTO variablen(name,wert) VALUES('familienId', (SELECT last_insert_rowid()));INSERT INTO Kinder(name,vorname,familienId) VALUES('Freiberger','Maite',(SELECT wert FROM variablen WHERE name='familienId'));INSERT OR REPLACE INTO variablen(name,wert) VALUES('kinderId', (SELECT last_insert_rowid()));INSERT INTO kinderschlagwoerter(kinderId, schlagwoerterId) VALUES ((SELECT wert FROM variablen WHERE name = 'kinderId'),(SELECT id FROM schlagwoerter WHERE bezeichnung='Gruppe blau'));INSERT INTO kinderschlagwoerter(kinderId, schlagwoerterId) VALUES ((SELECT wert FROM variablen WHERE name = 'kinderId'),(SELECT id FROM schlagwoerter WHERE bezeichnung='Stunden 45'));INSERT INTO kinderschlagwoerter(kinderId, schlagwoerterId) VALUES ((SELECT wert FROM variablen WHERE name = 'kinderId'),(SELECT id FROM schlagwoerter WHERE bezeichnung='Turngruppe 3-4'));INSERT INTO Kontaktpersonen(name, vorname, email, familienId, istStandardEmailKontakt) VALUES ('Freiberger','','mail@p-freiberger.de',(SELECT wert FROM variablen WHERE name='familienId'),1);
INSERT INTO Familien(name) VALUES('Gatzke');INSERT OR REPLACE INTO variablen(name,wert) VALUES('familienId', (SELECT last_insert_rowid()));INSERT INTO Kinder(name,vorname,familienId) VALUES('Gatzke','Fiete',(SELECT wert FROM variablen WHERE name='familienId'));INSERT OR REPLACE INTO variablen(name,wert) VALUES('kinderId', (SELECT last_insert_rowid()));INSERT INTO kinderschlagwoerter(kinderId, schlagwoerterId) VALUES ((SELECT wert FROM variablen WHERE name = 'kinderId'),(SELECT id FROM schlagwoerter WHERE bezeichnung='Gruppe blau'));INSERT INTO kinderschlagwoerter(kinderId, schlagwoerterId) VALUES ((SELECT wert FROM variablen WHERE name = 'kinderId'),(SELECT id FROM schlagwoerter WHERE bezeichnung='Stunden 45'));INSERT INTO kinderschlagwoerter(kinderId, schlagwoerterId) VALUES ((SELECT wert FROM variablen WHERE name = 'kinderId'),(SELECT id FROM schlagwoerter WHERE bezeichnung='Turngruppe 3-4'));INSERT INTO Kontaktpersonen(name, vorname, email, familienId, istStandardEmailKontakt) VALUES ('Gatzke','','ch.geck@web.de',(SELECT wert FROM variablen WHERE name='familienId'),1);
INSERT INTO Familien(name) VALUES('Hansonis');INSERT OR REPLACE INTO variablen(name,wert) VALUES('familienId', (SELECT last_insert_rowid()));INSERT INTO Kinder(name,vorname,familienId) VALUES('Hansonis','Lars',(SELECT wert FROM variablen WHERE name='familienId'));INSERT OR REPLACE INTO variablen(name,wert) VALUES('kinderId', (SELECT last_insert_rowid()));INSERT INTO kinderschlagwoerter(kinderId, schlagwoerterId) VALUES ((SELECT wert FROM variablen WHERE name = 'kinderId'),(SELECT id FROM schlagwoerter WHERE bezeichnung='Gruppe blau'));INSERT INTO kinderschlagwoerter(kinderId, schlagwoerterId) VALUES ((SELECT wert FROM variablen WHERE name = 'kinderId'),(SELECT id FROM schlagwoerter WHERE bezeichnung='Waldkind'));INSERT INTO kinderschlagwoerter(kinderId, schlagwoerterId) VALUES ((SELECT wert FROM variablen WHERE name = 'kinderId'),(SELECT id FROM schlagwoerter WHERE bezeichnung='Schwimmkind'));INSERT INTO kinderschlagwoerter(kinderId, schlagwoerterId) VALUES ((SELECT wert FROM variablen WHERE name = 'kinderId'),(SELECT id FROM schlagwoerter WHERE bezeichnung='Stunden 45'));INSERT INTO kinderschlagwoerter(kinderId, schlagwoerterId) VALUES ((SELECT wert FROM variablen WHERE name = 'kinderId'),(SELECT id FROM schlagwoerter WHERE bezeichnung='Vorschulkind'));INSERT INTO kinderschlagwoerter(kinderId, schlagwoerterId) VALUES ((SELECT wert FROM variablen WHERE name = 'kinderId'),(SELECT id FROM schlagwoerter WHERE bezeichnung='Turngruppe 5-6'));INSERT INTO Kontaktpersonen(name, vorname, email, familienId, istStandardEmailKontakt) VALUES ('Hansonis','Guido','guidohansonis@web.de',(SELECT wert FROM variablen WHERE name='familienId'),1);
INSERT INTO Familien(name) VALUES('Jagodzinska');INSERT OR REPLACE INTO variablen(name,wert) VALUES('familienId', (SELECT last_insert_rowid()));INSERT INTO Kinder(name,vorname,familienId) VALUES('Jogodzinska','Louis',(SELECT wert FROM variablen WHERE name='familienId'));INSERT OR REPLACE INTO variablen(name,wert) VALUES('kinderId', (SELECT last_insert_rowid()));INSERT INTO kinderschlagwoerter(kinderId, schlagwoerterId) VALUES ((SELECT wert FROM variablen WHERE name = 'kinderId'),(SELECT id FROM schlagwoerter WHERE bezeichnung='Gruppe blau'));INSERT INTO kinderschlagwoerter(kinderId, schlagwoerterId) VALUES ((SELECT wert FROM variablen WHERE name = 'kinderId'),(SELECT id FROM schlagwoerter WHERE bezeichnung='Stunden 45'));INSERT INTO kinderschlagwoerter(kinderId, schlagwoerterId) VALUES ((SELECT wert FROM variablen WHERE name = 'kinderId'),(SELECT id FROM schlagwoerter WHERE bezeichnung='Turngruppe 2-3'));INSERT INTO Kontaktpersonen(name, vorname, email, familienId, istStandardEmailKontakt) VALUES ('Jagodzinska','Eva-Maria','eva-maria.jagodzinska@gmx.de',(SELECT wert FROM variablen WHERE name='familienId'),1);
INSERT INTO Familien(name) VALUES('Kenn');INSERT OR REPLACE INTO variablen(name,wert) VALUES('familienId', (SELECT last_insert_rowid()));INSERT INTO Kinder(name,vorname,familienId) VALUES('Kenn','Helena',(SELECT wert FROM variablen WHERE name='familienId'));INSERT OR REPLACE INTO variablen(name,wert) VALUES('kinderId', (SELECT last_insert_rowid()));INSERT INTO kinderschlagwoerter(kinderId, schlagwoerterId) VALUES ((SELECT wert FROM variablen WHERE name = 'kinderId'),(SELECT id FROM schlagwoerter WHERE bezeichnung='Gruppe blau'));INSERT INTO kinderschlagwoerter(kinderId, schlagwoerterId) VALUES ((SELECT wert FROM variablen WHERE name = 'kinderId'),(SELECT id FROM schlagwoerter WHERE bezeichnung='Waldkind'));INSERT INTO kinderschlagwoerter(kinderId, schlagwoerterId) VALUES ((SELECT wert FROM variablen WHERE name = 'kinderId'),(SELECT id FROM schlagwoerter WHERE bezeichnung='Schwimmkind'));INSERT INTO kinderschlagwoerter(kinderId, schlagwoerterId) VALUES ((SELECT wert FROM variablen WHERE name = 'kinderId'),(SELECT id FROM schlagwoerter WHERE bezeichnung='Stunden 45'));INSERT INTO kinderschlagwoerter(kinderId, schlagwoerterId) VALUES ((SELECT wert FROM variablen WHERE name = 'kinderId'),(SELECT id FROM schlagwoerter WHERE bezeichnung='Turngruppe 4-5'));INSERT INTO Kontaktpersonen(name, vorname, email, familienId, istStandardEmailKontakt) VALUES ('Kenn','Antje','antje_schettler@hotmail.com',(SELECT wert FROM variablen WHERE name='familienId'),1);
INSERT OR REPLACE INTO variablen(name,wert) VALUES('familienId',(SELECT id FROM Familien WHERE name='Kenn'));INSERT INTO Kinder(name,vorname,familienId) VALUES('Kenn','Juliana',(SELECT wert FROM variablen WHERE name='familienId'));INSERT OR REPLACE INTO variablen(name,wert) VALUES('kinderId', (SELECT last_insert_rowid()));INSERT INTO kinderschlagwoerter(kinderId, schlagwoerterId) VALUES ((SELECT wert FROM variablen WHERE name = 'kinderId'),(SELECT id FROM schlagwoerter WHERE bezeichnung='Gruppe blau'));INSERT INTO kinderschlagwoerter(kinderId, schlagwoerterId) VALUES ((SELECT wert FROM variablen WHERE name = 'kinderId'),(SELECT id FROM schlagwoerter WHERE bezeichnung='Waldkind'));INSERT INTO kinderschlagwoerter(kinderId, schlagwoerterId) VALUES ((SELECT wert FROM variablen WHERE name = 'kinderId'),(SELECT id FROM schlagwoerter WHERE bezeichnung='Schwimmkind'));INSERT INTO kinderschlagwoerter(kinderId, schlagwoerterId) VALUES ((SELECT wert FROM variablen WHERE name = 'kinderId'),(SELECT id FROM schlagwoerter WHERE bezeichnung='Stunden 45'));INSERT INTO kinderschlagwoerter(kinderId, schlagwoerterId) VALUES ((SELECT wert FROM variablen WHERE name = 'kinderId'),(SELECT id FROM schlagwoerter WHERE bezeichnung='Turngruppe 4-5'));
INSERT INTO Familien(name) VALUES('Koep');INSERT OR REPLACE INTO variablen(name,wert) VALUES('familienId', (SELECT last_insert_rowid()));INSERT INTO Kinder(name,vorname,familienId) VALUES('Koep','Theo',(SELECT wert FROM variablen WHERE name='familienId'));INSERT OR REPLACE INTO variablen(name,wert) VALUES('kinderId', (SELECT last_insert_rowid()));INSERT INTO kinderschlagwoerter(kinderId, schlagwoerterId) VALUES ((SELECT wert FROM variablen WHERE name = 'kinderId'),(SELECT id FROM schlagwoerter WHERE bezeichnung='Gruppe blau'));INSERT INTO kinderschlagwoerter(kinderId, schlagwoerterId) VALUES ((SELECT wert FROM variablen WHERE name = 'kinderId'),(SELECT id FROM schlagwoerter WHERE bezeichnung='Waldkind'));INSERT INTO kinderschlagwoerter(kinderId, schlagwoerterId) VALUES ((SELECT wert FROM variablen WHERE name = 'kinderId'),(SELECT id FROM schlagwoerter WHERE bezeichnung='Schwimmkind'));INSERT INTO kinderschlagwoerter(kinderId, schlagwoerterId) VALUES ((SELECT wert FROM variablen WHERE name = 'kinderId'),(SELECT id FROM schlagwoerter WHERE bezeichnung='Stunden 45'));INSERT INTO kinderschlagwoerter(kinderId, schlagwoerterId) VALUES ((SELECT wert FROM variablen WHERE name = 'kinderId'),(SELECT id FROM schlagwoerter WHERE bezeichnung='Turngruppe 4-5'));INSERT INTO Kontaktpersonen(name, vorname, email, familienId, istStandardEmailKontakt) VALUES ('Koep','Mara','mara.koep@netcologne.de',(SELECT wert FROM variablen WHERE name='familienId'),1);
INSERT INTO Familien(name) VALUES('Lorenz ');INSERT OR REPLACE INTO variablen(name,wert) VALUES('familienId', (SELECT last_insert_rowid()));INSERT INTO Kinder(name,vorname,familienId) VALUES('Lorenz','Samuel',(SELECT wert FROM variablen WHERE name='familienId'));INSERT OR REPLACE INTO variablen(name,wert) VALUES('kinderId', (SELECT last_insert_rowid()));INSERT INTO kinderschlagwoerter(kinderId, schlagwoerterId) VALUES ((SELECT wert FROM variablen WHERE name = 'kinderId'),(SELECT id FROM schlagwoerter WHERE bezeichnung='Gruppe blau'));INSERT INTO kinderschlagwoerter(kinderId, schlagwoerterId) VALUES ((SELECT wert FROM variablen WHERE name = 'kinderId'),(SELECT id FROM schlagwoerter WHERE bezeichnung='Stunden 45'));INSERT INTO kinderschlagwoerter(kinderId, schlagwoerterId) VALUES ((SELECT wert FROM variablen WHERE name = 'kinderId'),(SELECT id FROM schlagwoerter WHERE bezeichnung='Turngruppe 3-4'));INSERT INTO Kontaktpersonen(name, vorname, email, familienId, istStandardEmailKontakt) VALUES ('Lorenz ','Samira','Lorenz.Samira@hotmail.de',(SELECT wert FROM variablen WHERE name='familienId'),1);
INSERT INTO Familien(name) VALUES('Mathar');INSERT OR REPLACE INTO variablen(name,wert) VALUES('familienId', (SELECT last_insert_rowid()));INSERT INTO Kinder(name,vorname,familienId) VALUES('Mathar','Laura',(SELECT wert FROM variablen WHERE name='familienId'));INSERT OR REPLACE INTO variablen(name,wert) VALUES('kinderId', (SELECT last_insert_rowid()));INSERT INTO kinderschlagwoerter(kinderId, schlagwoerterId) VALUES ((SELECT wert FROM variablen WHERE name = 'kinderId'),(SELECT id FROM schlagwoerter WHERE bezeichnung='Gruppe blau'));INSERT INTO kinderschlagwoerter(kinderId, schlagwoerterId) VALUES ((SELECT wert FROM variablen WHERE name = 'kinderId'),(SELECT id FROM schlagwoerter WHERE bezeichnung='Waldkind'));INSERT INTO kinderschlagwoerter(kinderId, schlagwoerterId) VALUES ((SELECT wert FROM variablen WHERE name = 'kinderId'),(SELECT id FROM schlagwoerter WHERE bezeichnung='Schwimmkind'));INSERT INTO kinderschlagwoerter(kinderId, schlagwoerterId) VALUES ((SELECT wert FROM variablen WHERE name = 'kinderId'),(SELECT id FROM schlagwoerter WHERE bezeichnung='Stunden 45'));INSERT INTO kinderschlagwoerter(kinderId, schlagwoerterId) VALUES ((SELECT wert FROM variablen WHERE name = 'kinderId'),(SELECT id FROM schlagwoerter WHERE bezeichnung='Turngruppe 4-5'));INSERT INTO Kontaktpersonen(name, vorname, email, familienId, istStandardEmailKontakt) VALUES ('Mathar','Bettina','bettina.mathar@googlemail.com',(SELECT wert FROM variablen WHERE name='familienId'),1);
INSERT INTO Familien(name) VALUES('Müller');INSERT OR REPLACE INTO variablen(name,wert) VALUES('familienId', (SELECT last_insert_rowid()));INSERT INTO Kinder(name,vorname,familienId) VALUES('Müller','Giulia',(SELECT wert FROM variablen WHERE name='familienId'));INSERT OR REPLACE INTO variablen(name,wert) VALUES('kinderId', (SELECT last_insert_rowid()));INSERT INTO kinderschlagwoerter(kinderId, schlagwoerterId) VALUES ((SELECT wert FROM variablen WHERE name = 'kinderId'),(SELECT id FROM schlagwoerter WHERE bezeichnung='Gruppe blau'));INSERT INTO kinderschlagwoerter(kinderId, schlagwoerterId) VALUES ((SELECT wert FROM variablen WHERE name = 'kinderId'),(SELECT id FROM schlagwoerter WHERE bezeichnung='Waldkind'));INSERT INTO kinderschlagwoerter(kinderId, schlagwoerterId) VALUES ((SELECT wert FROM variablen WHERE name = 'kinderId'),(SELECT id FROM schlagwoerter WHERE bezeichnung='Schwimmkind'));INSERT INTO kinderschlagwoerter(kinderId, schlagwoerterId) VALUES ((SELECT wert FROM variablen WHERE name = 'kinderId'),(SELECT id FROM schlagwoerter WHERE bezeichnung='Stunden 45'));INSERT INTO kinderschlagwoerter(kinderId, schlagwoerterId) VALUES ((SELECT wert FROM variablen WHERE name = 'kinderId'),(SELECT id FROM schlagwoerter WHERE bezeichnung='Vorschulkind'));INSERT INTO kinderschlagwoerter(kinderId, schlagwoerterId) VALUES ((SELECT wert FROM variablen WHERE name = 'kinderId'),(SELECT id FROM schlagwoerter WHERE bezeichnung='Turngruppe 5-6'));INSERT INTO Kontaktpersonen(name, vorname, email, familienId, istStandardEmailKontakt) VALUES ('Müller','','',(SELECT wert FROM variablen WHERE name='familienId'),1);
INSERT INTO Familien(name) VALUES('Pesch');INSERT OR REPLACE INTO variablen(name,wert) VALUES('familienId', (SELECT last_insert_rowid()));INSERT INTO Kinder(name,vorname,familienId) VALUES('Pesch','Johann',(SELECT wert FROM variablen WHERE name='familienId'));INSERT OR REPLACE INTO variablen(name,wert) VALUES('kinderId', (SELECT last_insert_rowid()));INSERT INTO kinderschlagwoerter(kinderId, schlagwoerterId) VALUES ((SELECT wert FROM variablen WHERE name = 'kinderId'),(SELECT id FROM schlagwoerter WHERE bezeichnung='Gruppe blau'));INSERT INTO kinderschlagwoerter(kinderId, schlagwoerterId) VALUES ((SELECT wert FROM variablen WHERE name = 'kinderId'),(SELECT id FROM schlagwoerter WHERE bezeichnung='Stunden 45'));INSERT INTO kinderschlagwoerter(kinderId, schlagwoerterId) VALUES ((SELECT wert FROM variablen WHERE name = 'kinderId'),(SELECT id FROM schlagwoerter WHERE bezeichnung='Turngruppe 2-3'));INSERT INTO Kontaktpersonen(name, vorname, email, familienId, istStandardEmailKontakt) VALUES ('Pesch','Cathrin','cathrin.pesch@netcologne.de',(SELECT wert FROM variablen WHERE name='familienId'),1);
INSERT INTO Familien(name) VALUES('Quarz');INSERT OR REPLACE INTO variablen(name,wert) VALUES('familienId', (SELECT last_insert_rowid()));INSERT INTO Kinder(name,vorname,familienId) VALUES('Quarz','Malte',(SELECT wert FROM variablen WHERE name='familienId'));INSERT OR REPLACE INTO variablen(name,wert) VALUES('kinderId', (SELECT last_insert_rowid()));INSERT INTO kinderschlagwoerter(kinderId, schlagwoerterId) VALUES ((SELECT wert FROM variablen WHERE name = 'kinderId'),(SELECT id FROM schlagwoerter WHERE bezeichnung='Gruppe blau'));INSERT INTO kinderschlagwoerter(kinderId, schlagwoerterId) VALUES ((SELECT wert FROM variablen WHERE name = 'kinderId'),(SELECT id FROM schlagwoerter WHERE bezeichnung='Waldkind'));INSERT INTO kinderschlagwoerter(kinderId, schlagwoerterId) VALUES ((SELECT wert FROM variablen WHERE name = 'kinderId'),(SELECT id FROM schlagwoerter WHERE bezeichnung='Schwimmkind'));INSERT INTO kinderschlagwoerter(kinderId, schlagwoerterId) VALUES ((SELECT wert FROM variablen WHERE name = 'kinderId'),(SELECT id FROM schlagwoerter WHERE bezeichnung='Stunden 45'));INSERT INTO kinderschlagwoerter(kinderId, schlagwoerterId) VALUES ((SELECT wert FROM variablen WHERE name = 'kinderId'),(SELECT id FROM schlagwoerter WHERE bezeichnung='Vorschulkind'));INSERT INTO kinderschlagwoerter(kinderId, schlagwoerterId) VALUES ((SELECT wert FROM variablen WHERE name = 'kinderId'),(SELECT id FROM schlagwoerter WHERE bezeichnung='Turngruppe 5-6'));INSERT INTO Kontaktpersonen(name, vorname, email, familienId, istStandardEmailKontakt) VALUES ('Quarz','','hausundheim@gmx.de',(SELECT wert FROM variablen WHERE name='familienId'),1);
INSERT INTO Familien(name) VALUES('Röhrig');INSERT OR REPLACE INTO variablen(name,wert) VALUES('familienId', (SELECT last_insert_rowid()));INSERT INTO Kinder(name,vorname,familienId) VALUES('Röhrig','Paulina',(SELECT wert FROM variablen WHERE name='familienId'));INSERT OR REPLACE INTO variablen(name,wert) VALUES('kinderId', (SELECT last_insert_rowid()));INSERT INTO kinderschlagwoerter(kinderId, schlagwoerterId) VALUES ((SELECT wert FROM variablen WHERE name = 'kinderId'),(SELECT id FROM schlagwoerter WHERE bezeichnung='Gruppe blau'));INSERT INTO kinderschlagwoerter(kinderId, schlagwoerterId) VALUES ((SELECT wert FROM variablen WHERE name = 'kinderId'),(SELECT id FROM schlagwoerter WHERE bezeichnung='Waldkind'));INSERT INTO kinderschlagwoerter(kinderId, schlagwoerterId) VALUES ((SELECT wert FROM variablen WHERE name = 'kinderId'),(SELECT id FROM schlagwoerter WHERE bezeichnung='Schwimmkind'));INSERT INTO kinderschlagwoerter(kinderId, schlagwoerterId) VALUES ((SELECT wert FROM variablen WHERE name = 'kinderId'),(SELECT id FROM schlagwoerter WHERE bezeichnung='Stunden 45'));INSERT INTO kinderschlagwoerter(kinderId, schlagwoerterId) VALUES ((SELECT wert FROM variablen WHERE name = 'kinderId'),(SELECT id FROM schlagwoerter WHERE bezeichnung='Turngruppe 4-5'));INSERT INTO Kontaktpersonen(name, vorname, email, familienId, istStandardEmailKontakt) VALUES ('Röhrig','Frank','frank.roehrig@gmx.de',(SELECT wert FROM variablen WHERE name='familienId'),1);
INSERT INTO Familien(name) VALUES('Simon');INSERT OR REPLACE INTO variablen(name,wert) VALUES('familienId', (SELECT last_insert_rowid()));INSERT INTO Kinder(name,vorname,familienId) VALUES('Simon','Taavi',(SELECT wert FROM variablen WHERE name='familienId'));INSERT OR REPLACE INTO variablen(name,wert) VALUES('kinderId', (SELECT last_insert_rowid()));INSERT INTO kinderschlagwoerter(kinderId, schlagwoerterId) VALUES ((SELECT wert FROM variablen WHERE name = 'kinderId'),(SELECT id FROM schlagwoerter WHERE bezeichnung='Gruppe blau'));INSERT INTO kinderschlagwoerter(kinderId, schlagwoerterId) VALUES ((SELECT wert FROM variablen WHERE name = 'kinderId'),(SELECT id FROM schlagwoerter WHERE bezeichnung='Stunden 45'));INSERT INTO kinderschlagwoerter(kinderId, schlagwoerterId) VALUES ((SELECT wert FROM variablen WHERE name = 'kinderId'),(SELECT id FROM schlagwoerter WHERE bezeichnung='Turngruppe 2-3'));INSERT INTO Kontaktpersonen(name, vorname, email, familienId, istStandardEmailKontakt) VALUES ('Simon','Kathrin','kathrinsimon77@gmx.de',(SELECT wert FROM variablen WHERE name='familienId'),1);
INSERT INTO Familien(name) VALUES('Snoek');INSERT OR REPLACE INTO variablen(name,wert) VALUES('familienId', (SELECT last_insert_rowid()));INSERT INTO Kinder(name,vorname,familienId) VALUES('Snoek','Ben',(SELECT wert FROM variablen WHERE name='familienId'));INSERT OR REPLACE INTO variablen(name,wert) VALUES('kinderId', (SELECT last_insert_rowid()));INSERT INTO kinderschlagwoerter(kinderId, schlagwoerterId) VALUES ((SELECT wert FROM variablen WHERE name = 'kinderId'),(SELECT id FROM schlagwoerter WHERE bezeichnung='Gruppe blau'));INSERT INTO kinderschlagwoerter(kinderId, schlagwoerterId) VALUES ((SELECT wert FROM variablen WHERE name = 'kinderId'),(SELECT id FROM schlagwoerter WHERE bezeichnung='Waldkind'));INSERT INTO kinderschlagwoerter(kinderId, schlagwoerterId) VALUES ((SELECT wert FROM variablen WHERE name = 'kinderId'),(SELECT id FROM schlagwoerter WHERE bezeichnung='Schwimmkind'));INSERT INTO kinderschlagwoerter(kinderId, schlagwoerterId) VALUES ((SELECT wert FROM variablen WHERE name = 'kinderId'),(SELECT id FROM schlagwoerter WHERE bezeichnung='Stunden 45'));INSERT INTO kinderschlagwoerter(kinderId, schlagwoerterId) VALUES ((SELECT wert FROM variablen WHERE name = 'kinderId'),(SELECT id FROM schlagwoerter WHERE bezeichnung='Vorschulkind'));INSERT INTO kinderschlagwoerter(kinderId, schlagwoerterId) VALUES ((SELECT wert FROM variablen WHERE name = 'kinderId'),(SELECT id FROM schlagwoerter WHERE bezeichnung='Turngruppe 5-6'));INSERT INTO Kontaktpersonen(name, vorname, email, familienId, istStandardEmailKontakt) VALUES ('Snoek','','snuuk@gmx.de',(SELECT wert FROM variablen WHERE name='familienId'),1);
INSERT INTO Familien(name) VALUES('Wurl ');INSERT OR REPLACE INTO variablen(name,wert) VALUES('familienId', (SELECT last_insert_rowid()));INSERT INTO Kinder(name,vorname,familienId) VALUES('Wurl','Ben',(SELECT wert FROM variablen WHERE name='familienId'));INSERT OR REPLACE INTO variablen(name,wert) VALUES('kinderId', (SELECT last_insert_rowid()));INSERT INTO kinderschlagwoerter(kinderId, schlagwoerterId) VALUES ((SELECT wert FROM variablen WHERE name = 'kinderId'),(SELECT id FROM schlagwoerter WHERE bezeichnung='Gruppe blau'));INSERT INTO kinderschlagwoerter(kinderId, schlagwoerterId) VALUES ((SELECT wert FROM variablen WHERE name = 'kinderId'),(SELECT id FROM schlagwoerter WHERE bezeichnung='Schwimmkind'));INSERT INTO kinderschlagwoerter(kinderId, schlagwoerterId) VALUES ((SELECT wert FROM variablen WHERE name = 'kinderId'),(SELECT id FROM schlagwoerter WHERE bezeichnung='Stunden 45'));INSERT INTO kinderschlagwoerter(kinderId, schlagwoerterId) VALUES ((SELECT wert FROM variablen WHERE name = 'kinderId'),(SELECT id FROM schlagwoerter WHERE bezeichnung='Turngruppe 3-4'));INSERT INTO Kontaktpersonen(name, vorname, email, familienId, istStandardEmailKontakt) VALUES ('Wurl ','','beaveiga@yahoo.de',(SELECT wert FROM variablen WHERE name='familienId'),1);
INSERT INTO Familien(name) VALUES('Azman');INSERT OR REPLACE INTO variablen(name,wert) VALUES('familienId', (SELECT last_insert_rowid()));INSERT INTO Kinder(name,vorname,familienId) VALUES('Azman','Amel',(SELECT wert FROM variablen WHERE name='familienId'));INSERT OR REPLACE INTO variablen(name,wert) VALUES('kinderId', (SELECT last_insert_rowid()));INSERT INTO kinderschlagwoerter(kinderId, schlagwoerterId) VALUES ((SELECT wert FROM variablen WHERE name = 'kinderId'),(SELECT id FROM schlagwoerter WHERE bezeichnung='Gruppe rot'));INSERT INTO kinderschlagwoerter(kinderId, schlagwoerterId) VALUES ((SELECT wert FROM variablen WHERE name = 'kinderId'),(SELECT id FROM schlagwoerter WHERE bezeichnung='Schwimmkind'));INSERT INTO kinderschlagwoerter(kinderId, schlagwoerterId) VALUES ((SELECT wert FROM variablen WHERE name = 'kinderId'),(SELECT id FROM schlagwoerter WHERE bezeichnung='Stunden 35'));INSERT INTO kinderschlagwoerter(kinderId, schlagwoerterId) VALUES ((SELECT wert FROM variablen WHERE name = 'kinderId'),(SELECT id FROM schlagwoerter WHERE bezeichnung='Turngruppe 3-4'));INSERT INTO Kontaktpersonen(name, vorname, email, familienId, istStandardEmailKontakt) VALUES ('Azman','Ismail','ismailazman@web.de',(SELECT wert FROM variablen WHERE name='familienId'),1);
INSERT OR REPLACE INTO variablen(name,wert) VALUES('familienId',(SELECT id FROM Familien WHERE name='Azman'));INSERT INTO Kinder(name,vorname,familienId) VALUES('Azman','Gizem',(SELECT wert FROM variablen WHERE name='familienId'));INSERT OR REPLACE INTO variablen(name,wert) VALUES('kinderId', (SELECT last_insert_rowid()));INSERT INTO kinderschlagwoerter(kinderId, schlagwoerterId) VALUES ((SELECT wert FROM variablen WHERE name = 'kinderId'),(SELECT id FROM schlagwoerter WHERE bezeichnung='Gruppe rot'));INSERT INTO kinderschlagwoerter(kinderId, schlagwoerterId) VALUES ((SELECT wert FROM variablen WHERE name = 'kinderId'),(SELECT id FROM schlagwoerter WHERE bezeichnung='Waldkind'));INSERT INTO kinderschlagwoerter(kinderId, schlagwoerterId) VALUES ((SELECT wert FROM variablen WHERE name = 'kinderId'),(SELECT id FROM schlagwoerter WHERE bezeichnung='Schwimmkind'));INSERT INTO kinderschlagwoerter(kinderId, schlagwoerterId) VALUES ((SELECT wert FROM variablen WHERE name = 'kinderId'),(SELECT id FROM schlagwoerter WHERE bezeichnung='Stunden 35'));INSERT INTO kinderschlagwoerter(kinderId, schlagwoerterId) VALUES ((SELECT wert FROM variablen WHERE name = 'kinderId'),(SELECT id FROM schlagwoerter WHERE bezeichnung='Turngruppe 4-5'));
INSERT INTO Familien(name) VALUES('Aziz');INSERT OR REPLACE INTO variablen(name,wert) VALUES('familienId', (SELECT last_insert_rowid()));INSERT INTO Kinder(name,vorname,familienId) VALUES('Aziz','Namo',(SELECT wert FROM variablen WHERE name='familienId'));INSERT OR REPLACE INTO variablen(name,wert) VALUES('kinderId', (SELECT last_insert_rowid()));INSERT INTO kinderschlagwoerter(kinderId, schlagwoerterId) VALUES ((SELECT wert FROM variablen WHERE name = 'kinderId'),(SELECT id FROM schlagwoerter WHERE bezeichnung='Gruppe rot'));INSERT INTO kinderschlagwoerter(kinderId, schlagwoerterId) VALUES ((SELECT wert FROM variablen WHERE name = 'kinderId'),(SELECT id FROM schlagwoerter WHERE bezeichnung='Waldkind'));INSERT INTO kinderschlagwoerter(kinderId, schlagwoerterId) VALUES ((SELECT wert FROM variablen WHERE name = 'kinderId'),(SELECT id FROM schlagwoerter WHERE bezeichnung='Stunden 35'));INSERT INTO kinderschlagwoerter(kinderId, schlagwoerterId) VALUES ((SELECT wert FROM variablen WHERE name = 'kinderId'),(SELECT id FROM schlagwoerter WHERE bezeichnung='Turngruppe 4-5'));INSERT INTO Kontaktpersonen(name, vorname, email, familienId, istStandardEmailKontakt) VALUES ('Aziz','','s.aziz@gmx.de',(SELECT wert FROM variablen WHERE name='familienId'),1);
INSERT INTO Familien(name) VALUES('Balci');INSERT OR REPLACE INTO variablen(name,wert) VALUES('familienId', (SELECT last_insert_rowid()));INSERT INTO Kinder(name,vorname,familienId) VALUES('Balci','Ela',(SELECT wert FROM variablen WHERE name='familienId'));INSERT OR REPLACE INTO variablen(name,wert) VALUES('kinderId', (SELECT last_insert_rowid()));INSERT INTO kinderschlagwoerter(kinderId, schlagwoerterId) VALUES ((SELECT wert FROM variablen WHERE name = 'kinderId'),(SELECT id FROM schlagwoerter WHERE bezeichnung='Gruppe rot'));INSERT INTO kinderschlagwoerter(kinderId, schlagwoerterId) VALUES ((SELECT wert FROM variablen WHERE name = 'kinderId'),(SELECT id FROM schlagwoerter WHERE bezeichnung='Waldkind'));INSERT INTO kinderschlagwoerter(kinderId, schlagwoerterId) VALUES ((SELECT wert FROM variablen WHERE name = 'kinderId'),(SELECT id FROM schlagwoerter WHERE bezeichnung='Schwimmkind'));INSERT INTO kinderschlagwoerter(kinderId, schlagwoerterId) VALUES ((SELECT wert FROM variablen WHERE name = 'kinderId'),(SELECT id FROM schlagwoerter WHERE bezeichnung='Stunden 45'));INSERT INTO kinderschlagwoerter(kinderId, schlagwoerterId) VALUES ((SELECT wert FROM variablen WHERE name = 'kinderId'),(SELECT id FROM schlagwoerter WHERE bezeichnung='Vorschulkind'));INSERT INTO kinderschlagwoerter(kinderId, schlagwoerterId) VALUES ((SELECT wert FROM variablen WHERE name = 'kinderId'),(SELECT id FROM schlagwoerter WHERE bezeichnung='Turngruppe 5-6'));INSERT INTO Kontaktpersonen(name, vorname, email, familienId, istStandardEmailKontakt) VALUES ('Balci','Halil-Nurhan','halil-nurhan.balci@t-online.de',(SELECT wert FROM variablen WHERE name='familienId'),1);
INSERT INTO Familien(name) VALUES('Bergfort');INSERT OR REPLACE INTO variablen(name,wert) VALUES('familienId', (SELECT last_insert_rowid()));INSERT INTO Kinder(name,vorname,familienId) VALUES('Bergfort','Milla',(SELECT wert FROM variablen WHERE name='familienId'));INSERT OR REPLACE INTO variablen(name,wert) VALUES('kinderId', (SELECT last_insert_rowid()));INSERT INTO kinderschlagwoerter(kinderId, schlagwoerterId) VALUES ((SELECT wert FROM variablen WHERE name = 'kinderId'),(SELECT id FROM schlagwoerter WHERE bezeichnung='Gruppe rot'));INSERT INTO kinderschlagwoerter(kinderId, schlagwoerterId) VALUES ((SELECT wert FROM variablen WHERE name = 'kinderId'),(SELECT id FROM schlagwoerter WHERE bezeichnung='Waldkind'));INSERT INTO kinderschlagwoerter(kinderId, schlagwoerterId) VALUES ((SELECT wert FROM variablen WHERE name = 'kinderId'),(SELECT id FROM schlagwoerter WHERE bezeichnung='Schwimmkind'));INSERT INTO kinderschlagwoerter(kinderId, schlagwoerterId) VALUES ((SELECT wert FROM variablen WHERE name = 'kinderId'),(SELECT id FROM schlagwoerter WHERE bezeichnung='Stunden 35'));INSERT INTO kinderschlagwoerter(kinderId, schlagwoerterId) VALUES ((SELECT wert FROM variablen WHERE name = 'kinderId'),(SELECT id FROM schlagwoerter WHERE bezeichnung='Vorschulkind'));INSERT INTO kinderschlagwoerter(kinderId, schlagwoerterId) VALUES ((SELECT wert FROM variablen WHERE name = 'kinderId'),(SELECT id FROM schlagwoerter WHERE bezeichnung='Turngruppe 5-6'));INSERT INTO Kontaktpersonen(name, vorname, email, familienId, istStandardEmailKontakt) VALUES ('Bergfort','Steffi','steffi@hal612.de',(SELECT wert FROM variablen WHERE name='familienId'),1);
INSERT INTO Familien(name) VALUES('El Mansouri');INSERT OR REPLACE INTO variablen(name,wert) VALUES('familienId', (SELECT last_insert_rowid()));INSERT INTO Kinder(name,vorname,familienId) VALUES('El Mansouri','Ilyas',(SELECT wert FROM variablen WHERE name='familienId'));INSERT OR REPLACE INTO variablen(name,wert) VALUES('kinderId', (SELECT last_insert_rowid()));INSERT INTO kinderschlagwoerter(kinderId, schlagwoerterId) VALUES ((SELECT wert FROM variablen WHERE name = 'kinderId'),(SELECT id FROM schlagwoerter WHERE bezeichnung='Gruppe rot'));INSERT INTO kinderschlagwoerter(kinderId, schlagwoerterId) VALUES ((SELECT wert FROM variablen WHERE name = 'kinderId'),(SELECT id FROM schlagwoerter WHERE bezeichnung='Waldkind'));INSERT INTO kinderschlagwoerter(kinderId, schlagwoerterId) VALUES ((SELECT wert FROM variablen WHERE name = 'kinderId'),(SELECT id FROM schlagwoerter WHERE bezeichnung='Schwimmkind'));INSERT INTO kinderschlagwoerter(kinderId, schlagwoerterId) VALUES ((SELECT wert FROM variablen WHERE name = 'kinderId'),(SELECT id FROM schlagwoerter WHERE bezeichnung='Stunden 35'));INSERT INTO kinderschlagwoerter(kinderId, schlagwoerterId) VALUES ((SELECT wert FROM variablen WHERE name = 'kinderId'),(SELECT id FROM schlagwoerter WHERE bezeichnung='Turngruppe 4-5'));INSERT INTO Kontaktpersonen(name, vorname, email, familienId, istStandardEmailKontakt) VALUES ('El Mansouri','','podgrabinski@hotmail.com',(SELECT wert FROM variablen WHERE name='familienId'),1);
INSERT INTO Familien(name) VALUES('Farfurowski');INSERT OR REPLACE INTO variablen(name,wert) VALUES('familienId', (SELECT last_insert_rowid()));INSERT INTO Kinder(name,vorname,familienId) VALUES('Farfurowski','Daniel',(SELECT wert FROM variablen WHERE name='familienId'));INSERT OR REPLACE INTO variablen(name,wert) VALUES('kinderId', (SELECT last_insert_rowid()));INSERT INTO kinderschlagwoerter(kinderId, schlagwoerterId) VALUES ((SELECT wert FROM variablen WHERE name = 'kinderId'),(SELECT id FROM schlagwoerter WHERE bezeichnung='Gruppe rot'));INSERT INTO kinderschlagwoerter(kinderId, schlagwoerterId) VALUES ((SELECT wert FROM variablen WHERE name = 'kinderId'),(SELECT id FROM schlagwoerter WHERE bezeichnung='Schwimmkind'));INSERT INTO kinderschlagwoerter(kinderId, schlagwoerterId) VALUES ((SELECT wert FROM variablen WHERE name = 'kinderId'),(SELECT id FROM schlagwoerter WHERE bezeichnung='Stunden 45'));INSERT INTO kinderschlagwoerter(kinderId, schlagwoerterId) VALUES ((SELECT wert FROM variablen WHERE name = 'kinderId'),(SELECT id FROM schlagwoerter WHERE bezeichnung='Turngruppe 3-4'));INSERT INTO Kontaktpersonen(name, vorname, email, familienId, istStandardEmailKontakt) VALUES ('Farfurowski','','t.farfurowskaya@gmx.de',(SELECT wert FROM variablen WHERE name='familienId'),1);
INSERT INTO Familien(name) VALUES('Figura');INSERT OR REPLACE INTO variablen(name,wert) VALUES('familienId', (SELECT last_insert_rowid()));INSERT INTO Kinder(name,vorname,familienId) VALUES('Figura','Sophie',(SELECT wert FROM variablen WHERE name='familienId'));INSERT OR REPLACE INTO variablen(name,wert) VALUES('kinderId', (SELECT last_insert_rowid()));INSERT INTO kinderschlagwoerter(kinderId, schlagwoerterId) VALUES ((SELECT wert FROM variablen WHERE name = 'kinderId'),(SELECT id FROM schlagwoerter WHERE bezeichnung='Gruppe rot'));INSERT INTO kinderschlagwoerter(kinderId, schlagwoerterId) VALUES ((SELECT wert FROM variablen WHERE name = 'kinderId'),(SELECT id FROM schlagwoerter WHERE bezeichnung='Waldkind'));INSERT INTO kinderschlagwoerter(kinderId, schlagwoerterId) VALUES ((SELECT wert FROM variablen WHERE name = 'kinderId'),(SELECT id FROM schlagwoerter WHERE bezeichnung='Schwimmkind'));INSERT INTO kinderschlagwoerter(kinderId, schlagwoerterId) VALUES ((SELECT wert FROM variablen WHERE name = 'kinderId'),(SELECT id FROM schlagwoerter WHERE bezeichnung='Stunden 35'));INSERT INTO kinderschlagwoerter(kinderId, schlagwoerterId) VALUES ((SELECT wert FROM variablen WHERE name = 'kinderId'),(SELECT id FROM schlagwoerter WHERE bezeichnung='Turngruppe 4-5'));INSERT INTO Kontaktpersonen(name, vorname, email, familienId, istStandardEmailKontakt) VALUES ('Figura','Andreas','andreas.figura@gmx.de',(SELECT wert FROM variablen WHERE name='familienId'),1);
INSERT INTO Familien(name) VALUES('Franke');INSERT OR REPLACE INTO variablen(name,wert) VALUES('familienId', (SELECT last_insert_rowid()));INSERT INTO Kinder(name,vorname,familienId) VALUES('Franke','Emilie',(SELECT wert FROM variablen WHERE name='familienId'));INSERT OR REPLACE INTO variablen(name,wert) VALUES('kinderId', (SELECT last_insert_rowid()));INSERT INTO kinderschlagwoerter(kinderId, schlagwoerterId) VALUES ((SELECT wert FROM variablen WHERE name = 'kinderId'),(SELECT id FROM schlagwoerter WHERE bezeichnung='Gruppe rot'));INSERT INTO kinderschlagwoerter(kinderId, schlagwoerterId) VALUES ((SELECT wert FROM variablen WHERE name = 'kinderId'),(SELECT id FROM schlagwoerter WHERE bezeichnung='Stunden 35'));INSERT INTO kinderschlagwoerter(kinderId, schlagwoerterId) VALUES ((SELECT wert FROM variablen WHERE name = 'kinderId'),(SELECT id FROM schlagwoerter WHERE bezeichnung='Turngruppe 2-3'));INSERT INTO Kontaktpersonen(name, vorname, email, familienId, istStandardEmailKontakt) VALUES ('Franke','','franke@graphics4.de',(SELECT wert FROM variablen WHERE name='familienId'),1);
INSERT INTO Familien(name) VALUES('Frey');INSERT OR REPLACE INTO variablen(name,wert) VALUES('familienId', (SELECT last_insert_rowid()));INSERT INTO Kinder(name,vorname,familienId) VALUES('Frey','Levin',(SELECT wert FROM variablen WHERE name='familienId'));INSERT OR REPLACE INTO variablen(name,wert) VALUES('kinderId', (SELECT last_insert_rowid()));INSERT INTO kinderschlagwoerter(kinderId, schlagwoerterId) VALUES ((SELECT wert FROM variablen WHERE name = 'kinderId'),(SELECT id FROM schlagwoerter WHERE bezeichnung='Gruppe rot'));INSERT INTO kinderschlagwoerter(kinderId, schlagwoerterId) VALUES ((SELECT wert FROM variablen WHERE name = 'kinderId'),(SELECT id FROM schlagwoerter WHERE bezeichnung='Waldkind'));INSERT INTO kinderschlagwoerter(kinderId, schlagwoerterId) VALUES ((SELECT wert FROM variablen WHERE name = 'kinderId'),(SELECT id FROM schlagwoerter WHERE bezeichnung='Schwimmkind'));INSERT INTO kinderschlagwoerter(kinderId, schlagwoerterId) VALUES ((SELECT wert FROM variablen WHERE name = 'kinderId'),(SELECT id FROM schlagwoerter WHERE bezeichnung='Stunden 35'));INSERT INTO kinderschlagwoerter(kinderId, schlagwoerterId) VALUES ((SELECT wert FROM variablen WHERE name = 'kinderId'),(SELECT id FROM schlagwoerter WHERE bezeichnung='Turngruppe 4-5'));INSERT INTO Kontaktpersonen(name, vorname, email, familienId, istStandardEmailKontakt) VALUES ('Frey','Alexia','alexiaFrey@t-online.de',(SELECT wert FROM variablen WHERE name='familienId'),1);
INSERT INTO Familien(name) VALUES('Frey');INSERT OR REPLACE INTO variablen(name,wert) VALUES('familienId', (SELECT last_insert_rowid()));INSERT INTO Kinder(name,vorname,familienId) VALUES('Frey','Niklas',(SELECT wert FROM variablen WHERE name='familienId'));INSERT OR REPLACE INTO variablen(name,wert) VALUES('kinderId', (SELECT last_insert_rowid()));INSERT INTO kinderschlagwoerter(kinderId, schlagwoerterId) VALUES ((SELECT wert FROM variablen WHERE name = 'kinderId'),(SELECT id FROM schlagwoerter WHERE bezeichnung='Gruppe rot'));INSERT INTO kinderschlagwoerter(kinderId, schlagwoerterId) VALUES ((SELECT wert FROM variablen WHERE name = 'kinderId'),(SELECT id FROM schlagwoerter WHERE bezeichnung='Stunden 35'));INSERT INTO kinderschlagwoerter(kinderId, schlagwoerterId) VALUES ((SELECT wert FROM variablen WHERE name = 'kinderId'),(SELECT id FROM schlagwoerter WHERE bezeichnung='Turngruppe 3-4'));INSERT INTO Kontaktpersonen(name, vorname, email, familienId, istStandardEmailKontakt) VALUES ('Frey','Marion','Mary.Frey@gmx.de',(SELECT wert FROM variablen WHERE name='familienId'),1);
INSERT INTO Familien(name) VALUES('Gerhardt');INSERT OR REPLACE INTO variablen(name,wert) VALUES('familienId', (SELECT last_insert_rowid()));INSERT INTO Kinder(name,vorname,familienId) VALUES('Gerhardt','Janno',(SELECT wert FROM variablen WHERE name='familienId'));INSERT OR REPLACE INTO variablen(name,wert) VALUES('kinderId', (SELECT last_insert_rowid()));INSERT INTO kinderschlagwoerter(kinderId, schlagwoerterId) VALUES ((SELECT wert FROM variablen WHERE name = 'kinderId'),(SELECT id FROM schlagwoerter WHERE bezeichnung='Gruppe rot'));INSERT INTO kinderschlagwoerter(kinderId, schlagwoerterId) VALUES ((SELECT wert FROM variablen WHERE name = 'kinderId'),(SELECT id FROM schlagwoerter WHERE bezeichnung='Stunden 35'));INSERT INTO kinderschlagwoerter(kinderId, schlagwoerterId) VALUES ((SELECT wert FROM variablen WHERE name = 'kinderId'),(SELECT id FROM schlagwoerter WHERE bezeichnung='Turngruppe 2-3'));INSERT INTO Kontaktpersonen(name, vorname, email, familienId, istStandardEmailKontakt) VALUES ('Gerhardt','','mail@felixgerhardt.de',(SELECT wert FROM variablen WHERE name='familienId'),1);
INSERT INTO Familien(name) VALUES('Güney');INSERT OR REPLACE INTO variablen(name,wert) VALUES('familienId', (SELECT last_insert_rowid()));INSERT INTO Kinder(name,vorname,familienId) VALUES('Güney','Halil',(SELECT wert FROM variablen WHERE name='familienId'));INSERT OR REPLACE INTO variablen(name,wert) VALUES('kinderId', (SELECT last_insert_rowid()));INSERT INTO kinderschlagwoerter(kinderId, schlagwoerterId) VALUES ((SELECT wert FROM variablen WHERE name = 'kinderId'),(SELECT id FROM schlagwoerter WHERE bezeichnung='Gruppe rot'));INSERT INTO kinderschlagwoerter(kinderId, schlagwoerterId) VALUES ((SELECT wert FROM variablen WHERE name = 'kinderId'),(SELECT id FROM schlagwoerter WHERE bezeichnung='Waldkind'));INSERT INTO kinderschlagwoerter(kinderId, schlagwoerterId) VALUES ((SELECT wert FROM variablen WHERE name = 'kinderId'),(SELECT id FROM schlagwoerter WHERE bezeichnung='Schwimmkind'));INSERT INTO kinderschlagwoerter(kinderId, schlagwoerterId) VALUES ((SELECT wert FROM variablen WHERE name = 'kinderId'),(SELECT id FROM schlagwoerter WHERE bezeichnung='Stunden 35'));INSERT INTO kinderschlagwoerter(kinderId, schlagwoerterId) VALUES ((SELECT wert FROM variablen WHERE name = 'kinderId'),(SELECT id FROM schlagwoerter WHERE bezeichnung='Vorschulkind'));INSERT INTO kinderschlagwoerter(kinderId, schlagwoerterId) VALUES ((SELECT wert FROM variablen WHERE name = 'kinderId'),(SELECT id FROM schlagwoerter WHERE bezeichnung='Turngruppe 5-6'));INSERT INTO Kontaktpersonen(name, vorname, email, familienId, istStandardEmailKontakt) VALUES ('Güney','','sylkeprudlo@linguarama.com',(SELECT wert FROM variablen WHERE name='familienId'),1);
INSERT INTO Familien(name) VALUES('Kileci');INSERT OR REPLACE INTO variablen(name,wert) VALUES('familienId', (SELECT last_insert_rowid()));INSERT INTO Kinder(name,vorname,familienId) VALUES('Kilec','Bora Tan',(SELECT wert FROM variablen WHERE name='familienId'));INSERT OR REPLACE INTO variablen(name,wert) VALUES('kinderId', (SELECT last_insert_rowid()));INSERT INTO kinderschlagwoerter(kinderId, schlagwoerterId) VALUES ((SELECT wert FROM variablen WHERE name = 'kinderId'),(SELECT id FROM schlagwoerter WHERE bezeichnung='Gruppe rot'));INSERT INTO kinderschlagwoerter(kinderId, schlagwoerterId) VALUES ((SELECT wert FROM variablen WHERE name = 'kinderId'),(SELECT id FROM schlagwoerter WHERE bezeichnung='Waldkind'));INSERT INTO kinderschlagwoerter(kinderId, schlagwoerterId) VALUES ((SELECT wert FROM variablen WHERE name = 'kinderId'),(SELECT id FROM schlagwoerter WHERE bezeichnung='Schwimmkind'));INSERT INTO kinderschlagwoerter(kinderId, schlagwoerterId) VALUES ((SELECT wert FROM variablen WHERE name = 'kinderId'),(SELECT id FROM schlagwoerter WHERE bezeichnung='Stunden 45'));INSERT INTO kinderschlagwoerter(kinderId, schlagwoerterId) VALUES ((SELECT wert FROM variablen WHERE name = 'kinderId'),(SELECT id FROM schlagwoerter WHERE bezeichnung='Turngruppe 4-5'));INSERT INTO Kontaktpersonen(name, vorname, email, familienId, istStandardEmailKontakt) VALUES ('Kileci','Sevgi','sevgi.kileci@web.de',(SELECT wert FROM variablen WHERE name='familienId'),1);
INSERT INTO Familien(name) VALUES('Kuck');INSERT OR REPLACE INTO variablen(name,wert) VALUES('familienId', (SELECT last_insert_rowid()));INSERT INTO Kinder(name,vorname,familienId) VALUES('Kuck','Lena',(SELECT wert FROM variablen WHERE name='familienId'));INSERT OR REPLACE INTO variablen(name,wert) VALUES('kinderId', (SELECT last_insert_rowid()));INSERT INTO kinderschlagwoerter(kinderId, schlagwoerterId) VALUES ((SELECT wert FROM variablen WHERE name = 'kinderId'),(SELECT id FROM schlagwoerter WHERE bezeichnung='Gruppe rot'));INSERT INTO kinderschlagwoerter(kinderId, schlagwoerterId) VALUES ((SELECT wert FROM variablen WHERE name = 'kinderId'),(SELECT id FROM schlagwoerter WHERE bezeichnung='Schwimmkind'));INSERT INTO kinderschlagwoerter(kinderId, schlagwoerterId) VALUES ((SELECT wert FROM variablen WHERE name = 'kinderId'),(SELECT id FROM schlagwoerter WHERE bezeichnung='Stunden 35'));INSERT INTO kinderschlagwoerter(kinderId, schlagwoerterId) VALUES ((SELECT wert FROM variablen WHERE name = 'kinderId'),(SELECT id FROM schlagwoerter WHERE bezeichnung='Turngruppe 3-4'));INSERT INTO Kontaktpersonen(name, vorname, email, familienId, istStandardEmailKontakt) VALUES ('Kuck','Stephanie','stephanie.kuck@googlemail.com',(SELECT wert FROM variablen WHERE name='familienId'),1);
INSERT INTO Familien(name) VALUES('Luther');INSERT OR REPLACE INTO variablen(name,wert) VALUES('familienId', (SELECT last_insert_rowid()));INSERT INTO Kinder(name,vorname,familienId) VALUES('Luther','Sophie',(SELECT wert FROM variablen WHERE name='familienId'));INSERT OR REPLACE INTO variablen(name,wert) VALUES('kinderId', (SELECT last_insert_rowid()));INSERT INTO kinderschlagwoerter(kinderId, schlagwoerterId) VALUES ((SELECT wert FROM variablen WHERE name = 'kinderId'),(SELECT id FROM schlagwoerter WHERE bezeichnung='Gruppe rot'));INSERT INTO kinderschlagwoerter(kinderId, schlagwoerterId) VALUES ((SELECT wert FROM variablen WHERE name = 'kinderId'),(SELECT id FROM schlagwoerter WHERE bezeichnung='Waldkind'));INSERT INTO kinderschlagwoerter(kinderId, schlagwoerterId) VALUES ((SELECT wert FROM variablen WHERE name = 'kinderId'),(SELECT id FROM schlagwoerter WHERE bezeichnung='Schwimmkind'));INSERT INTO kinderschlagwoerter(kinderId, schlagwoerterId) VALUES ((SELECT wert FROM variablen WHERE name = 'kinderId'),(SELECT id FROM schlagwoerter WHERE bezeichnung='Stunden 35'));INSERT INTO kinderschlagwoerter(kinderId, schlagwoerterId) VALUES ((SELECT wert FROM variablen WHERE name = 'kinderId'),(SELECT id FROM schlagwoerter WHERE bezeichnung='Vorschulkind'));INSERT INTO kinderschlagwoerter(kinderId, schlagwoerterId) VALUES ((SELECT wert FROM variablen WHERE name = 'kinderId'),(SELECT id FROM schlagwoerter WHERE bezeichnung='Turngruppe 5-6'));INSERT INTO Kontaktpersonen(name, vorname, email, familienId, istStandardEmailKontakt) VALUES ('Luther','Matthias','m.burchardt@arcor.de',(SELECT wert FROM variablen WHERE name='familienId'),1);
INSERT OR REPLACE INTO variablen(name,wert) VALUES('familienId',(SELECT id FROM Familien WHERE name='Pesch'));INSERT INTO Kinder(name,vorname,familienId) VALUES('Pesch','Frieda',(SELECT wert FROM variablen WHERE name='familienId'));INSERT OR REPLACE INTO variablen(name,wert) VALUES('kinderId', (SELECT last_insert_rowid()));INSERT INTO kinderschlagwoerter(kinderId, schlagwoerterId) VALUES ((SELECT wert FROM variablen WHERE name = 'kinderId'),(SELECT id FROM schlagwoerter WHERE bezeichnung='Gruppe rot'));INSERT INTO kinderschlagwoerter(kinderId, schlagwoerterId) VALUES ((SELECT wert FROM variablen WHERE name = 'kinderId'),(SELECT id FROM schlagwoerter WHERE bezeichnung='Waldkind'));INSERT INTO kinderschlagwoerter(kinderId, schlagwoerterId) VALUES ((SELECT wert FROM variablen WHERE name = 'kinderId'),(SELECT id FROM schlagwoerter WHERE bezeichnung='Schwimmkind'));INSERT INTO kinderschlagwoerter(kinderId, schlagwoerterId) VALUES ((SELECT wert FROM variablen WHERE name = 'kinderId'),(SELECT id FROM schlagwoerter WHERE bezeichnung='Stunden 45'));INSERT INTO kinderschlagwoerter(kinderId, schlagwoerterId) VALUES ((SELECT wert FROM variablen WHERE name = 'kinderId'),(SELECT id FROM schlagwoerter WHERE bezeichnung='Turngruppe 4-5'));
INSERT INTO Familien(name) VALUES('Schmiedel');INSERT OR REPLACE INTO variablen(name,wert) VALUES('familienId', (SELECT last_insert_rowid()));INSERT INTO Kinder(name,vorname,familienId) VALUES('Schmiedel','Pauline',(SELECT wert FROM variablen WHERE name='familienId'));INSERT OR REPLACE INTO variablen(name,wert) VALUES('kinderId', (SELECT last_insert_rowid()));INSERT INTO kinderschlagwoerter(kinderId, schlagwoerterId) VALUES ((SELECT wert FROM variablen WHERE name = 'kinderId'),(SELECT id FROM schlagwoerter WHERE bezeichnung='Gruppe rot'));INSERT INTO kinderschlagwoerter(kinderId, schlagwoerterId) VALUES ((SELECT wert FROM variablen WHERE name = 'kinderId'),(SELECT id FROM schlagwoerter WHERE bezeichnung='Stunden 35'));INSERT INTO kinderschlagwoerter(kinderId, schlagwoerterId) VALUES ((SELECT wert FROM variablen WHERE name = 'kinderId'),(SELECT id FROM schlagwoerter WHERE bezeichnung='Turngruppe 3-4'));INSERT INTO Kontaktpersonen(name, vorname, email, familienId, istStandardEmailKontakt) VALUES ('Schmiedel','','actiondealer@gmx.de',(SELECT wert FROM variablen WHERE name='familienId'),1);
INSERT OR REPLACE INTO variablen(name,wert) VALUES('familienId',(SELECT id FROM Familien WHERE name='Simon'));INSERT INTO Kinder(name,vorname,familienId) VALUES('Simon','Tammo',(SELECT wert FROM variablen WHERE name='familienId'));INSERT OR REPLACE INTO variablen(name,wert) VALUES('kinderId', (SELECT last_insert_rowid()));INSERT INTO kinderschlagwoerter(kinderId, schlagwoerterId) VALUES ((SELECT wert FROM variablen WHERE name = 'kinderId'),(SELECT id FROM schlagwoerter WHERE bezeichnung='Gruppe rot'));INSERT INTO kinderschlagwoerter(kinderId, schlagwoerterId) VALUES ((SELECT wert FROM variablen WHERE name = 'kinderId'),(SELECT id FROM schlagwoerter WHERE bezeichnung='Schwimmkind'));INSERT INTO kinderschlagwoerter(kinderId, schlagwoerterId) VALUES ((SELECT wert FROM variablen WHERE name = 'kinderId'),(SELECT id FROM schlagwoerter WHERE bezeichnung='Stunden 45'));INSERT INTO kinderschlagwoerter(kinderId, schlagwoerterId) VALUES ((SELECT wert FROM variablen WHERE name = 'kinderId'),(SELECT id FROM schlagwoerter WHERE bezeichnung='Turngruppe 3-4'));
INSERT INTO Familien(name) VALUES('Stollenwerk');INSERT OR REPLACE INTO variablen(name,wert) VALUES('familienId', (SELECT last_insert_rowid()));INSERT INTO Kinder(name,vorname,familienId) VALUES('Stollenwerk','Jasper',(SELECT wert FROM variablen WHERE name='familienId'));INSERT OR REPLACE INTO variablen(name,wert) VALUES('kinderId', (SELECT last_insert_rowid()));INSERT INTO kinderschlagwoerter(kinderId, schlagwoerterId) VALUES ((SELECT wert FROM variablen WHERE name = 'kinderId'),(SELECT id FROM schlagwoerter WHERE bezeichnung='Gruppe rot'));INSERT INTO kinderschlagwoerter(kinderId, schlagwoerterId) VALUES ((SELECT wert FROM variablen WHERE name = 'kinderId'),(SELECT id FROM schlagwoerter WHERE bezeichnung='Waldkind'));INSERT INTO kinderschlagwoerter(kinderId, schlagwoerterId) VALUES ((SELECT wert FROM variablen WHERE name = 'kinderId'),(SELECT id FROM schlagwoerter WHERE bezeichnung='Schwimmkind'));INSERT INTO kinderschlagwoerter(kinderId, schlagwoerterId) VALUES ((SELECT wert FROM variablen WHERE name = 'kinderId'),(SELECT id FROM schlagwoerter WHERE bezeichnung='Stunden 35'));INSERT INTO kinderschlagwoerter(kinderId, schlagwoerterId) VALUES ((SELECT wert FROM variablen WHERE name = 'kinderId'),(SELECT id FROM schlagwoerter WHERE bezeichnung='Turngruppe 4-5'));INSERT INTO Kontaktpersonen(name, vorname, email, familienId, istStandardEmailKontakt) VALUES ('Stollenwerk','Angela','angela.stollenwerk@gmx.de',(SELECT wert FROM variablen WHERE name='familienId'),1);
INSERT INTO Familien(name) VALUES('Thomsen');INSERT OR REPLACE INTO variablen(name,wert) VALUES('familienId', (SELECT last_insert_rowid()));INSERT INTO Kinder(name,vorname,familienId) VALUES('Thomsen','Lovis',(SELECT wert FROM variablen WHERE name='familienId'));INSERT OR REPLACE INTO variablen(name,wert) VALUES('kinderId', (SELECT last_insert_rowid()));INSERT INTO kinderschlagwoerter(kinderId, schlagwoerterId) VALUES ((SELECT wert FROM variablen WHERE name = 'kinderId'),(SELECT id FROM schlagwoerter WHERE bezeichnung='Gruppe rot'));INSERT INTO kinderschlagwoerter(kinderId, schlagwoerterId) VALUES ((SELECT wert FROM variablen WHERE name = 'kinderId'),(SELECT id FROM schlagwoerter WHERE bezeichnung='Waldkind'));INSERT INTO kinderschlagwoerter(kinderId, schlagwoerterId) VALUES ((SELECT wert FROM variablen WHERE name = 'kinderId'),(SELECT id FROM schlagwoerter WHERE bezeichnung='Schwimmkind'));INSERT INTO kinderschlagwoerter(kinderId, schlagwoerterId) VALUES ((SELECT wert FROM variablen WHERE name = 'kinderId'),(SELECT id FROM schlagwoerter WHERE bezeichnung='Stunden 35'));INSERT INTO kinderschlagwoerter(kinderId, schlagwoerterId) VALUES ((SELECT wert FROM variablen WHERE name = 'kinderId'),(SELECT id FROM schlagwoerter WHERE bezeichnung='Turngruppe 4-5'));INSERT INTO Kontaktpersonen(name, vorname, email, familienId, istStandardEmailKontakt) VALUES ('Thomsen','Sylvia','sylviathomsen@online.de',(SELECT wert FROM variablen WHERE name='familienId'),1);
INSERT INTO Familien(name) VALUES('Zaunbrecher');INSERT OR REPLACE INTO variablen(name,wert) VALUES('familienId', (SELECT last_insert_rowid()));INSERT INTO Kinder(name,vorname,familienId) VALUES('Zaunbrecher','Erwin',(SELECT wert FROM variablen WHERE name='familienId'));INSERT OR REPLACE INTO variablen(name,wert) VALUES('kinderId', (SELECT last_insert_rowid()));INSERT INTO kinderschlagwoerter(kinderId, schlagwoerterId) VALUES ((SELECT wert FROM variablen WHERE name = 'kinderId'),(SELECT id FROM schlagwoerter WHERE bezeichnung='Gruppe rot'));INSERT INTO kinderschlagwoerter(kinderId, schlagwoerterId) VALUES ((SELECT wert FROM variablen WHERE name = 'kinderId'),(SELECT id FROM schlagwoerter WHERE bezeichnung='Schwimmkind'));INSERT INTO kinderschlagwoerter(kinderId, schlagwoerterId) VALUES ((SELECT wert FROM variablen WHERE name = 'kinderId'),(SELECT id FROM schlagwoerter WHERE bezeichnung='Stunden 35'));INSERT INTO kinderschlagwoerter(kinderId, schlagwoerterId) VALUES ((SELECT wert FROM variablen WHERE name = 'kinderId'),(SELECT id FROM schlagwoerter WHERE bezeichnung='Turngruppe 3-4'));INSERT INTO Kontaktpersonen(name, vorname, email, familienId, istStandardEmailKontakt) VALUES ('Zaunbrecher','Kerstin','kerstin.zaunbrecher@gmx.de',(SELECT wert FROM variablen WHERE name='familienId'),1);
INSERT INTO Familien(name) VALUES('Zimmer');INSERT OR REPLACE INTO variablen(name,wert) VALUES('familienId', (SELECT last_insert_rowid()));INSERT INTO Kinder(name,vorname,familienId) VALUES('Zimmer','Timo',(SELECT wert FROM variablen WHERE name='familienId'));INSERT OR REPLACE INTO variablen(name,wert) VALUES('kinderId', (SELECT last_insert_rowid()));INSERT INTO kinderschlagwoerter(kinderId, schlagwoerterId) VALUES ((SELECT wert FROM variablen WHERE name = 'kinderId'),(SELECT id FROM schlagwoerter WHERE bezeichnung='Gruppe rot'));INSERT INTO kinderschlagwoerter(kinderId, schlagwoerterId) VALUES ((SELECT wert FROM variablen WHERE name = 'kinderId'),(SELECT id FROM schlagwoerter WHERE bezeichnung='Waldkind'));INSERT INTO kinderschlagwoerter(kinderId, schlagwoerterId) VALUES ((SELECT wert FROM variablen WHERE name = 'kinderId'),(SELECT id FROM schlagwoerter WHERE bezeichnung='Schwimmkind'));INSERT INTO kinderschlagwoerter(kinderId, schlagwoerterId) VALUES ((SELECT wert FROM variablen WHERE name = 'kinderId'),(SELECT id FROM schlagwoerter WHERE bezeichnung='Stunden 35'));INSERT INTO kinderschlagwoerter(kinderId, schlagwoerterId) VALUES ((SELECT wert FROM variablen WHERE name = 'kinderId'),(SELECT id FROM schlagwoerter WHERE bezeichnung='Vorschulkind'));INSERT INTO kinderschlagwoerter(kinderId, schlagwoerterId) VALUES ((SELECT wert FROM variablen WHERE name = 'kinderId'),(SELECT id FROM schlagwoerter WHERE bezeichnung='Turngruppe 5-6'));INSERT INTO Kontaktpersonen(name, vorname, email, familienId, istStandardEmailKontakt) VALUES ('Zimmer','Verena','verena.zimmer@netcologne.de',(SELECT wert FROM variablen WHERE name='familienId'),1);
INSERT INTO Familien(name) VALUES('Bohlander');INSERT OR REPLACE INTO variablen(name,wert) VALUES('familienId', (SELECT last_insert_rowid()));INSERT INTO Kinder(name,vorname,familienId) VALUES('Bohlander','Tom',(SELECT wert FROM variablen WHERE name='familienId'));INSERT OR REPLACE INTO variablen(name,wert) VALUES('kinderId', (SELECT last_insert_rowid()));INSERT INTO kinderschlagwoerter(kinderId, schlagwoerterId) VALUES ((SELECT wert FROM variablen WHERE name = 'kinderId'),(SELECT id FROM schlagwoerter WHERE bezeichnung='Gruppe grün'));INSERT INTO kinderschlagwoerter(kinderId, schlagwoerterId) VALUES ((SELECT wert FROM variablen WHERE name = 'kinderId'),(SELECT id FROM schlagwoerter WHERE bezeichnung='Stunden 35'));INSERT INTO kinderschlagwoerter(kinderId, schlagwoerterId) VALUES ((SELECT wert FROM variablen WHERE name = 'kinderId'),(SELECT id FROM schlagwoerter WHERE bezeichnung='Turngruppe 2-3'));INSERT INTO Kontaktpersonen(name, vorname, email, familienId, istStandardEmailKontakt) VALUES ('Bohlander','Tatjana','tatjana.bohlander@web.de',(SELECT wert FROM variablen WHERE name='familienId'),1);
INSERT INTO Familien(name) VALUES('Franzky');INSERT OR REPLACE INTO variablen(name,wert) VALUES('familienId', (SELECT last_insert_rowid()));INSERT INTO Kinder(name,vorname,familienId) VALUES('Franzky','Rosa',(SELECT wert FROM variablen WHERE name='familienId'));INSERT OR REPLACE INTO variablen(name,wert) VALUES('kinderId', (SELECT last_insert_rowid()));INSERT INTO kinderschlagwoerter(kinderId, schlagwoerterId) VALUES ((SELECT wert FROM variablen WHERE name = 'kinderId'),(SELECT id FROM schlagwoerter WHERE bezeichnung='Gruppe grün'));INSERT INTO kinderschlagwoerter(kinderId, schlagwoerterId) VALUES ((SELECT wert FROM variablen WHERE name = 'kinderId'),(SELECT id FROM schlagwoerter WHERE bezeichnung='Stunden 35'));INSERT INTO kinderschlagwoerter(kinderId, schlagwoerterId) VALUES ((SELECT wert FROM variablen WHERE name = 'kinderId'),(SELECT id FROM schlagwoerter WHERE bezeichnung='Turngruppe 2-3'));INSERT INTO Kontaktpersonen(name, vorname, email, familienId, istStandardEmailKontakt) VALUES ('Franzky','Diane','dianeschlich@gmx.de',(SELECT wert FROM variablen WHERE name='familienId'),1);
INSERT INTO Familien(name) VALUES('Ehrentraut');INSERT OR REPLACE INTO variablen(name,wert) VALUES('familienId', (SELECT last_insert_rowid()));INSERT INTO Kinder(name,vorname,familienId) VALUES('Ehrentraut','Maximilian',(SELECT wert FROM variablen WHERE name='familienId'));INSERT OR REPLACE INTO variablen(name,wert) VALUES('kinderId', (SELECT last_insert_rowid()));INSERT INTO kinderschlagwoerter(kinderId, schlagwoerterId) VALUES ((SELECT wert FROM variablen WHERE name = 'kinderId'),(SELECT id FROM schlagwoerter WHERE bezeichnung='Gruppe grün'));INSERT INTO kinderschlagwoerter(kinderId, schlagwoerterId) VALUES ((SELECT wert FROM variablen WHERE name = 'kinderId'),(SELECT id FROM schlagwoerter WHERE bezeichnung='Stunden 35'));INSERT INTO kinderschlagwoerter(kinderId, schlagwoerterId) VALUES ((SELECT wert FROM variablen WHERE name = 'kinderId'),(SELECT id FROM schlagwoerter WHERE bezeichnung='Turngruppe U2'));INSERT INTO Kontaktpersonen(name, vorname, email, familienId, istStandardEmailKontakt) VALUES ('Ehrentraut','Nicole','nicole.ehrentraut@gmx.de',(SELECT wert FROM variablen WHERE name='familienId'),1);
INSERT OR REPLACE INTO variablen(name,wert) VALUES('familienId',(SELECT id FROM Familien WHERE name='Gatzke'));INSERT INTO Kinder(name,vorname,familienId) VALUES('Gatzke','Pippa',(SELECT wert FROM variablen WHERE name='familienId'));INSERT OR REPLACE INTO variablen(name,wert) VALUES('kinderId', (SELECT last_insert_rowid()));INSERT INTO kinderschlagwoerter(kinderId, schlagwoerterId) VALUES ((SELECT wert FROM variablen WHERE name = 'kinderId'),(SELECT id FROM schlagwoerter WHERE bezeichnung='Gruppe grün'));INSERT INTO kinderschlagwoerter(kinderId, schlagwoerterId) VALUES ((SELECT wert FROM variablen WHERE name = 'kinderId'),(SELECT id FROM schlagwoerter WHERE bezeichnung='Stunden 35'));INSERT INTO kinderschlagwoerter(kinderId, schlagwoerterId) VALUES ((SELECT wert FROM variablen WHERE name = 'kinderId'),(SELECT id FROM schlagwoerter WHERE bezeichnung='Turngruppe 2-3'));
INSERT INTO Familien(name) VALUES('Kleofasz');INSERT OR REPLACE INTO variablen(name,wert) VALUES('familienId', (SELECT last_insert_rowid()));INSERT INTO Kinder(name,vorname,familienId) VALUES('Kleofasz','Moritz',(SELECT wert FROM variablen WHERE name='familienId'));INSERT OR REPLACE INTO variablen(name,wert) VALUES('kinderId', (SELECT last_insert_rowid()));INSERT INTO kinderschlagwoerter(kinderId, schlagwoerterId) VALUES ((SELECT wert FROM variablen WHERE name = 'kinderId'),(SELECT id FROM schlagwoerter WHERE bezeichnung='Gruppe grün'));INSERT INTO kinderschlagwoerter(kinderId, schlagwoerterId) VALUES ((SELECT wert FROM variablen WHERE name = 'kinderId'),(SELECT id FROM schlagwoerter WHERE bezeichnung='Stunden 35'));INSERT INTO kinderschlagwoerter(kinderId, schlagwoerterId) VALUES ((SELECT wert FROM variablen WHERE name = 'kinderId'),(SELECT id FROM schlagwoerter WHERE bezeichnung='Turngruppe 2-3'));INSERT INTO Kontaktpersonen(name, vorname, email, familienId, istStandardEmailKontakt) VALUES ('Kleofasz','Gisela','gisela.reipen@gmx.de',(SELECT wert FROM variablen WHERE name='familienId'),1);
INSERT INTO Familien(name) VALUES('Linden');INSERT OR REPLACE INTO variablen(name,wert) VALUES('familienId', (SELECT last_insert_rowid()));INSERT INTO Kinder(name,vorname,familienId) VALUES('Linden','Lisa',(SELECT wert FROM variablen WHERE name='familienId'));INSERT OR REPLACE INTO variablen(name,wert) VALUES('kinderId', (SELECT last_insert_rowid()));INSERT INTO kinderschlagwoerter(kinderId, schlagwoerterId) VALUES ((SELECT wert FROM variablen WHERE name = 'kinderId'),(SELECT id FROM schlagwoerter WHERE bezeichnung='Gruppe grün'));INSERT INTO kinderschlagwoerter(kinderId, schlagwoerterId) VALUES ((SELECT wert FROM variablen WHERE name = 'kinderId'),(SELECT id FROM schlagwoerter WHERE bezeichnung='Stunden 35'));INSERT INTO kinderschlagwoerter(kinderId, schlagwoerterId) VALUES ((SELECT wert FROM variablen WHERE name = 'kinderId'),(SELECT id FROM schlagwoerter WHERE bezeichnung='Turngruppe 2-3'));INSERT INTO Kontaktpersonen(name, vorname, email, familienId, istStandardEmailKontakt) VALUES ('Linden','','vzybina@gmx.de',(SELECT wert FROM variablen WHERE name='familienId'),1);
INSERT INTO Familien(name) VALUES('Lohmann');INSERT OR REPLACE INTO variablen(name,wert) VALUES('familienId', (SELECT last_insert_rowid()));INSERT INTO Kinder(name,vorname,familienId) VALUES('Lohmann','Kalea',(SELECT wert FROM variablen WHERE name='familienId'));INSERT OR REPLACE INTO variablen(name,wert) VALUES('kinderId', (SELECT last_insert_rowid()));INSERT INTO kinderschlagwoerter(kinderId, schlagwoerterId) VALUES ((SELECT wert FROM variablen WHERE name = 'kinderId'),(SELECT id FROM schlagwoerter WHERE bezeichnung='Gruppe grün'));INSERT INTO kinderschlagwoerter(kinderId, schlagwoerterId) VALUES ((SELECT wert FROM variablen WHERE name = 'kinderId'),(SELECT id FROM schlagwoerter WHERE bezeichnung='Stunden 35'));INSERT INTO kinderschlagwoerter(kinderId, schlagwoerterId) VALUES ((SELECT wert FROM variablen WHERE name = 'kinderId'),(SELECT id FROM schlagwoerter WHERE bezeichnung='Turngruppe 2-3'));INSERT INTO Kontaktpersonen(name, vorname, email, familienId, istStandardEmailKontakt) VALUES ('Lohmann','Thorsten','thorsten.klink_lohmann@yahoo.de',(SELECT wert FROM variablen WHERE name='familienId'),1);
INSERT INTO Familien(name) VALUES('Nebel');INSERT OR REPLACE INTO variablen(name,wert) VALUES('familienId', (SELECT last_insert_rowid()));INSERT INTO Kinder(name,vorname,familienId) VALUES('Nebel','Noam',(SELECT wert FROM variablen WHERE name='familienId'));INSERT OR REPLACE INTO variablen(name,wert) VALUES('kinderId', (SELECT last_insert_rowid()));INSERT INTO kinderschlagwoerter(kinderId, schlagwoerterId) VALUES ((SELECT wert FROM variablen WHERE name = 'kinderId'),(SELECT id FROM schlagwoerter WHERE bezeichnung='Gruppe grün'));INSERT INTO kinderschlagwoerter(kinderId, schlagwoerterId) VALUES ((SELECT wert FROM variablen WHERE name = 'kinderId'),(SELECT id FROM schlagwoerter WHERE bezeichnung='Stunden 35'));INSERT INTO kinderschlagwoerter(kinderId, schlagwoerterId) VALUES ((SELECT wert FROM variablen WHERE name = 'kinderId'),(SELECT id FROM schlagwoerter WHERE bezeichnung='Turngruppe U2'));INSERT INTO Kontaktpersonen(name, vorname, email, familienId, istStandardEmailKontakt) VALUES ('Nebel','','kockandreakoch@web.de',(SELECT wert FROM variablen WHERE name='familienId'),1);
INSERT INTO Familien(name) VALUES('Nix');INSERT OR REPLACE INTO variablen(name,wert) VALUES('familienId', (SELECT last_insert_rowid()));INSERT INTO Kinder(name,vorname,familienId) VALUES('Nix','Lotta',(SELECT wert FROM variablen WHERE name='familienId'));INSERT OR REPLACE INTO variablen(name,wert) VALUES('kinderId', (SELECT last_insert_rowid()));INSERT INTO kinderschlagwoerter(kinderId, schlagwoerterId) VALUES ((SELECT wert FROM variablen WHERE name = 'kinderId'),(SELECT id FROM schlagwoerter WHERE bezeichnung='Gruppe grün'));INSERT INTO kinderschlagwoerter(kinderId, schlagwoerterId) VALUES ((SELECT wert FROM variablen WHERE name = 'kinderId'),(SELECT id FROM schlagwoerter WHERE bezeichnung='Stunden 35'));INSERT INTO kinderschlagwoerter(kinderId, schlagwoerterId) VALUES ((SELECT wert FROM variablen WHERE name = 'kinderId'),(SELECT id FROM schlagwoerter WHERE bezeichnung='Turngruppe U2'));INSERT INTO Kontaktpersonen(name, vorname, email, familienId, istStandardEmailKontakt) VALUES ('Nix','Isabell','isabell.nix@gmx.net',(SELECT wert FROM variablen WHERE name='familienId'),1);
INSERT INTO Familien(name) VALUES('Schmidt');INSERT OR REPLACE INTO variablen(name,wert) VALUES('familienId', (SELECT last_insert_rowid()));INSERT INTO Kinder(name,vorname,familienId) VALUES('Schmidt','Alexander',(SELECT wert FROM variablen WHERE name='familienId'));INSERT OR REPLACE INTO variablen(name,wert) VALUES('kinderId', (SELECT last_insert_rowid()));INSERT INTO kinderschlagwoerter(kinderId, schlagwoerterId) VALUES ((SELECT wert FROM variablen WHERE name = 'kinderId'),(SELECT id FROM schlagwoerter WHERE bezeichnung='Gruppe grün'));INSERT INTO kinderschlagwoerter(kinderId, schlagwoerterId) VALUES ((SELECT wert FROM variablen WHERE name = 'kinderId'),(SELECT id FROM schlagwoerter WHERE bezeichnung='Stunden 35'));INSERT INTO kinderschlagwoerter(kinderId, schlagwoerterId) VALUES ((SELECT wert FROM variablen WHERE name = 'kinderId'),(SELECT id FROM schlagwoerter WHERE bezeichnung='Turngruppe 2-3'));INSERT INTO Kontaktpersonen(name, vorname, email, familienId, istStandardEmailKontakt) VALUES ('Schmidt','Eugen','schmidt.eugen@gmail.com',(SELECT wert FROM variablen WHERE name='familienId'),1);
INSERT INTO Familien(name) VALUES('Stöß');INSERT OR REPLACE INTO variablen(name,wert) VALUES('familienId', (SELECT last_insert_rowid()));INSERT INTO Kinder(name,vorname,familienId) VALUES('Stöß','Mia',(SELECT wert FROM variablen WHERE name='familienId'));INSERT OR REPLACE INTO variablen(name,wert) VALUES('kinderId', (SELECT last_insert_rowid()));INSERT INTO kinderschlagwoerter(kinderId, schlagwoerterId) VALUES ((SELECT wert FROM variablen WHERE name = 'kinderId'),(SELECT id FROM schlagwoerter WHERE bezeichnung='Gruppe grün'));INSERT INTO kinderschlagwoerter(kinderId, schlagwoerterId) VALUES ((SELECT wert FROM variablen WHERE name = 'kinderId'),(SELECT id FROM schlagwoerter WHERE bezeichnung='Stunden 35'));INSERT INTO kinderschlagwoerter(kinderId, schlagwoerterId) VALUES ((SELECT wert FROM variablen WHERE name = 'kinderId'),(SELECT id FROM schlagwoerter WHERE bezeichnung='Turngruppe 2-3'));INSERT INTO Kontaktpersonen(name, vorname, email, familienId, istStandardEmailKontakt) VALUES ('Stöß','','fabius31@web.de',(SELECT wert FROM variablen WHERE name='familienId'),1);
INSERT INTO Familien(name) VALUES('Wolf');INSERT OR REPLACE INTO variablen(name,wert) VALUES('familienId', (SELECT last_insert_rowid()));INSERT INTO Kinder(name,vorname,familienId) VALUES('Wolf','Jannis',(SELECT wert FROM variablen WHERE name='familienId'));INSERT OR REPLACE INTO variablen(name,wert) VALUES('kinderId', (SELECT last_insert_rowid()));INSERT INTO kinderschlagwoerter(kinderId, schlagwoerterId) VALUES ((SELECT wert FROM variablen WHERE name = 'kinderId'),(SELECT id FROM schlagwoerter WHERE bezeichnung='Gruppe grün'));INSERT INTO kinderschlagwoerter(kinderId, schlagwoerterId) VALUES ((SELECT wert FROM variablen WHERE name = 'kinderId'),(SELECT id FROM schlagwoerter WHERE bezeichnung='Stunden 35'));INSERT INTO kinderschlagwoerter(kinderId, schlagwoerterId) VALUES ((SELECT wert FROM variablen WHERE name = 'kinderId'),(SELECT id FROM schlagwoerter WHERE bezeichnung='Turngruppe U2'));INSERT INTO Kontaktpersonen(name, vorname, email, familienId, istStandardEmailKontakt) VALUES ('Wolf','Anja','anja@clubwolf.de',(SELECT wert FROM variablen WHERE name='familienId'),1);


DROP table variablen;



/*
INSERT INTO familien(id, name) VALUES 
	(1,'Auerbach');
INSERT INTO kontaktpersonen(id, name, vorname, kommentar, familienId) VALUES 
	(1, 'Auerbach', 'Arndt', 'Vater', 1),
	(2, 'Auerbach', 'Amalie', 'Mutter', 1);
INSERT INTO kinder(id, name, vorname, familienId) VALUES 
	(1, 'Auerbach', 'Arno junior', 1),
	(2, 'Auerbach', 'Amy', 1);
INSERT INTO kinderschlagwoerter(kinderId, schlagwoerterId) VALUES
	(1,1),
	(1,2),
	(2,1),
	(2,3);

INSERT INTO familien(id, name) VALUES 
	(2,'Becker');
INSERT INTO kontaktpersonen(id, name, vorname, kommentar, familienId) VALUES 
	(3, 'Becker', 'Bert', 'Vater', 2),
	(4, 'Becker', 'Brunhilde', 'Mutter', 2);
INSERT INTO kinder(id, name, vorname, familienId) VALUES 
	(3, 'Becker', 'Boris junior', 2),
	(4, 'Becker', 'Beate', 2);
INSERT INTO kinderschlagwoerter(kinderId, schlagwoerterId) VALUES
	(3,1),
	(3,2);
*/