{"filter":false,"title":"setupTestDb.sql","tooltip":"/server/API/setupTestDb.sql","undoManager":{"mark":100,"position":100,"stack":[[{"group":"doc","deltas":[{"start":{"row":53,"column":7},"end":{"row":53,"column":8},"action":"insert","lines":["a"]}]}],[{"group":"doc","deltas":[{"start":{"row":53,"column":8},"end":{"row":53,"column":9},"action":"insert","lines":["h"]}]}],[{"group":"doc","deltas":[{"start":{"row":53,"column":9},"end":{"row":53,"column":10},"action":"insert","lines":["l"]}]}],[{"group":"doc","deltas":[{"start":{"row":53,"column":10},"end":{"row":53,"column":11},"action":"insert","lines":["M"]}]}],[{"group":"doc","deltas":[{"start":{"row":53,"column":11},"end":{"row":53,"column":12},"action":"insert","lines":["i"]}]}],[{"group":"doc","deltas":[{"start":{"row":53,"column":12},"end":{"row":53,"column":13},"action":"insert","lines":["t"]}]}],[{"group":"doc","deltas":[{"start":{"row":53,"column":13},"end":{"row":53,"column":14},"action":"insert","lines":["t"]}]}],[{"group":"doc","deltas":[{"start":{"row":53,"column":14},"end":{"row":53,"column":15},"action":"insert","lines":["a"]}]}],[{"group":"doc","deltas":[{"start":{"row":53,"column":15},"end":{"row":53,"column":16},"action":"insert","lines":["g"]}]}],[{"group":"doc","deltas":[{"start":{"row":53,"column":16},"end":{"row":53,"column":17},"action":"insert","lines":["e"]}]}],[{"group":"doc","deltas":[{"start":{"row":53,"column":17},"end":{"row":53,"column":18},"action":"insert","lines":["s"]}]}],[{"group":"doc","deltas":[{"start":{"row":53,"column":18},"end":{"row":53,"column":19},"action":"insert","lines":["s"]}]}],[{"group":"doc","deltas":[{"start":{"row":53,"column":19},"end":{"row":53,"column":20},"action":"insert","lines":["e"]}]}],[{"group":"doc","deltas":[{"start":{"row":53,"column":20},"end":{"row":53,"column":21},"action":"insert","lines":["n"]}]}],[{"group":"doc","deltas":[{"start":{"row":53,"column":21},"end":{"row":53,"column":22},"action":"insert","lines":[" "]}]}],[{"group":"doc","deltas":[{"start":{"row":53,"column":22},"end":{"row":53,"column":23},"action":"insert","lines":["I"]}]}],[{"group":"doc","deltas":[{"start":{"row":53,"column":23},"end":{"row":53,"column":24},"action":"insert","lines":["N"]}]}],[{"group":"doc","deltas":[{"start":{"row":53,"column":24},"end":{"row":53,"column":25},"action":"insert","lines":["T"]}]}],[{"group":"doc","deltas":[{"start":{"row":53,"column":25},"end":{"row":53,"column":26},"action":"insert","lines":["E"]}]}],[{"group":"doc","deltas":[{"start":{"row":53,"column":22},"end":{"row":53,"column":26},"action":"remove","lines":["INTE"]},{"start":{"row":53,"column":22},"end":{"row":53,"column":29},"action":"insert","lines":["INTEGER"]}]}],[{"group":"doc","deltas":[{"start":{"row":53,"column":29},"end":{"row":53,"column":30},"action":"insert","lines":[","]}]}],[{"group":"doc","deltas":[{"start":{"row":53,"column":30},"end":{"row":54,"column":0},"action":"insert","lines":["",""]},{"start":{"row":54,"column":0},"end":{"row":54,"column":4},"action":"insert","lines":["\t\t\t\t"]}]}],[{"group":"doc","deltas":[{"start":{"row":54,"column":4},"end":{"row":54,"column":5},"action":"insert","lines":["a"]}]}],[{"group":"doc","deltas":[{"start":{"row":54,"column":5},"end":{"row":54,"column":6},"action":"insert","lines":["b"]}]}],[{"group":"doc","deltas":[{"start":{"row":54,"column":6},"end":{"row":54,"column":7},"action":"insert","lines":["r"]}]}],[{"group":"doc","deltas":[{"start":{"row":54,"column":7},"end":{"row":54,"column":8},"action":"insert","lines":["e"]}]}],[{"group":"doc","deltas":[{"start":{"row":54,"column":8},"end":{"row":54,"column":9},"action":"insert","lines":["c"]}]}],[{"group":"doc","deltas":[{"start":{"row":54,"column":9},"end":{"row":54,"column":10},"action":"insert","lines":["h"]}]}],[{"group":"doc","deltas":[{"start":{"row":54,"column":10},"end":{"row":54,"column":11},"action":"insert","lines":["n"]}]}],[{"group":"doc","deltas":[{"start":{"row":54,"column":11},"end":{"row":54,"column":12},"action":"insert","lines":["u"]}]}],[{"group":"doc","deltas":[{"start":{"row":54,"column":12},"end":{"row":54,"column":13},"action":"insert","lines":["n"]}]}],[{"group":"doc","deltas":[{"start":{"row":54,"column":13},"end":{"row":54,"column":14},"action":"insert","lines":["g"]}]}],[{"group":"doc","deltas":[{"start":{"row":54,"column":14},"end":{"row":54,"column":15},"action":"insert","lines":["s"]}]}],[{"group":"doc","deltas":[{"start":{"row":54,"column":15},"end":{"row":54,"column":16},"action":"insert","lines":["M"]}]}],[{"group":"doc","deltas":[{"start":{"row":54,"column":16},"end":{"row":54,"column":17},"action":"insert","lines":["o"]}]}],[{"group":"doc","deltas":[{"start":{"row":54,"column":17},"end":{"row":54,"column":18},"action":"insert","lines":["n"]}]}],[{"group":"doc","deltas":[{"start":{"row":54,"column":18},"end":{"row":54,"column":19},"action":"insert","lines":["a"]}]}],[{"group":"doc","deltas":[{"start":{"row":54,"column":19},"end":{"row":54,"column":20},"action":"insert","lines":["t"]}]}],[{"group":"doc","deltas":[{"start":{"row":54,"column":19},"end":{"row":54,"column":20},"action":"remove","lines":["t"]}]}],[{"group":"doc","deltas":[{"start":{"row":54,"column":18},"end":{"row":54,"column":19},"action":"remove","lines":["a"]}]}],[{"group":"doc","deltas":[{"start":{"row":54,"column":17},"end":{"row":54,"column":18},"action":"remove","lines":["n"]}]}],[{"group":"doc","deltas":[{"start":{"row":54,"column":16},"end":{"row":54,"column":17},"action":"remove","lines":["o"]}]}],[{"group":"doc","deltas":[{"start":{"row":54,"column":15},"end":{"row":54,"column":16},"action":"remove","lines":["M"]}]}],[{"group":"doc","deltas":[{"start":{"row":54,"column":15},"end":{"row":54,"column":16},"action":"insert","lines":["m"]}]}],[{"group":"doc","deltas":[{"start":{"row":54,"column":16},"end":{"row":54,"column":17},"action":"insert","lines":["o"]}]}],[{"group":"doc","deltas":[{"start":{"row":54,"column":17},"end":{"row":54,"column":18},"action":"insert","lines":["n"]}]}],[{"group":"doc","deltas":[{"start":{"row":54,"column":18},"end":{"row":54,"column":19},"action":"insert","lines":["a"]}]}],[{"group":"doc","deltas":[{"start":{"row":54,"column":19},"end":{"row":54,"column":20},"action":"insert","lines":["t"]}]}],[{"group":"doc","deltas":[{"start":{"row":54,"column":20},"end":{"row":54,"column":21},"action":"insert","lines":[" "]}]}],[{"group":"doc","deltas":[{"start":{"row":54,"column":21},"end":{"row":54,"column":22},"action":"insert","lines":["T"]}]}],[{"group":"doc","deltas":[{"start":{"row":54,"column":22},"end":{"row":54,"column":23},"action":"insert","lines":["E"]}]}],[{"group":"doc","deltas":[{"start":{"row":54,"column":23},"end":{"row":54,"column":24},"action":"insert","lines":["X"]}]}],[{"group":"doc","deltas":[{"start":{"row":54,"column":24},"end":{"row":54,"column":25},"action":"insert","lines":["T"]}]}],[{"group":"doc","deltas":[{"start":{"row":54,"column":25},"end":{"row":54,"column":26},"action":"insert","lines":[","]}]}],[{"group":"doc","deltas":[{"start":{"row":54,"column":26},"end":{"row":55,"column":0},"action":"insert","lines":["",""]},{"start":{"row":55,"column":0},"end":{"row":55,"column":4},"action":"insert","lines":["\t\t\t\t"]}]}],[{"group":"doc","deltas":[{"start":{"row":55,"column":4},"end":{"row":55,"column":5},"action":"insert","lines":["U"]}]}],[{"group":"doc","deltas":[{"start":{"row":55,"column":5},"end":{"row":55,"column":6},"action":"insert","lines":["N"]}]}],[{"group":"doc","deltas":[{"start":{"row":55,"column":6},"end":{"row":55,"column":7},"action":"insert","lines":["I"]}]}],[{"group":"doc","deltas":[{"start":{"row":55,"column":7},"end":{"row":55,"column":8},"action":"insert","lines":["Q"]}]}],[{"group":"doc","deltas":[{"start":{"row":55,"column":8},"end":{"row":55,"column":9},"action":"insert","lines":["U"]}]}],[{"group":"doc","deltas":[{"start":{"row":55,"column":9},"end":{"row":55,"column":10},"action":"insert","lines":["E"]}]}],[{"group":"doc","deltas":[{"start":{"row":55,"column":10},"end":{"row":55,"column":11},"action":"insert","lines":[" "]}]}],[{"group":"doc","deltas":[{"start":{"row":55,"column":11},"end":{"row":55,"column":12},"action":"insert","lines":["("]}]}],[{"group":"doc","deltas":[{"start":{"row":55,"column":12},"end":{"row":55,"column":13},"action":"insert","lines":[")"]}]}],[{"group":"doc","deltas":[{"start":{"row":55,"column":12},"end":{"row":55,"column":13},"action":"insert","lines":["k"]}]}],[{"group":"doc","deltas":[{"start":{"row":55,"column":13},"end":{"row":55,"column":14},"action":"insert","lines":["i"]}]}],[{"group":"doc","deltas":[{"start":{"row":55,"column":14},"end":{"row":55,"column":15},"action":"insert","lines":["n"]}]}],[{"group":"doc","deltas":[{"start":{"row":55,"column":15},"end":{"row":55,"column":16},"action":"insert","lines":["d"]}]}],[{"group":"doc","deltas":[{"start":{"row":55,"column":16},"end":{"row":55,"column":17},"action":"insert","lines":["e"]}]}],[{"group":"doc","deltas":[{"start":{"row":55,"column":17},"end":{"row":55,"column":18},"action":"insert","lines":["r"]}]}],[{"group":"doc","deltas":[{"start":{"row":55,"column":12},"end":{"row":55,"column":18},"action":"remove","lines":["kinder"]},{"start":{"row":55,"column":12},"end":{"row":55,"column":20},"action":"insert","lines":["kinderId"]}]}],[{"group":"doc","deltas":[{"start":{"row":55,"column":20},"end":{"row":55,"column":21},"action":"insert","lines":[","]}]}],[{"group":"doc","deltas":[{"start":{"row":55,"column":21},"end":{"row":55,"column":22},"action":"insert","lines":[" "]}]}],[{"group":"doc","deltas":[{"start":{"row":55,"column":22},"end":{"row":55,"column":23},"action":"insert","lines":["a"]}]}],[{"group":"doc","deltas":[{"start":{"row":55,"column":23},"end":{"row":55,"column":24},"action":"insert","lines":["n"]}]}],[{"group":"doc","deltas":[{"start":{"row":55,"column":24},"end":{"row":55,"column":25},"action":"insert","lines":["r"]}]}],[{"group":"doc","deltas":[{"start":{"row":55,"column":25},"end":{"row":55,"column":26},"action":"insert","lines":["e"]}]}],[{"group":"doc","deltas":[{"start":{"row":55,"column":26},"end":{"row":55,"column":27},"action":"insert","lines":["c"]}]}],[{"group":"doc","deltas":[{"start":{"row":55,"column":27},"end":{"row":55,"column":28},"action":"insert","lines":["h"]}]}],[{"group":"doc","deltas":[{"start":{"row":55,"column":28},"end":{"row":55,"column":29},"action":"insert","lines":["n"]}]}],[{"group":"doc","deltas":[{"start":{"row":55,"column":29},"end":{"row":55,"column":30},"action":"insert","lines":["u"]}]}],[{"group":"doc","deltas":[{"start":{"row":55,"column":30},"end":{"row":55,"column":31},"action":"insert","lines":["n"]}]}],[{"group":"doc","deltas":[{"start":{"row":55,"column":31},"end":{"row":55,"column":32},"action":"insert","lines":["g"]}]}],[{"group":"doc","deltas":[{"start":{"row":55,"column":32},"end":{"row":55,"column":33},"action":"insert","lines":["s"]}]}],[{"group":"doc","deltas":[{"start":{"row":55,"column":33},"end":{"row":55,"column":34},"action":"insert","lines":["m"]}]}],[{"group":"doc","deltas":[{"start":{"row":55,"column":34},"end":{"row":55,"column":35},"action":"insert","lines":["o"]}]}],[{"group":"doc","deltas":[{"start":{"row":55,"column":35},"end":{"row":55,"column":36},"action":"insert","lines":["n"]}]}],[{"group":"doc","deltas":[{"start":{"row":55,"column":36},"end":{"row":55,"column":37},"action":"insert","lines":["a"]}]}],[{"group":"doc","deltas":[{"start":{"row":55,"column":37},"end":{"row":55,"column":38},"action":"insert","lines":["t"]}]}],[{"group":"doc","deltas":[{"start":{"row":55,"column":23},"end":{"row":55,"column":24},"action":"remove","lines":["n"]}]}],[{"group":"doc","deltas":[{"start":{"row":55,"column":23},"end":{"row":55,"column":24},"action":"insert","lines":["b"]}]}],[{"group":"doc","deltas":[{"start":{"row":51,"column":20},"end":{"row":51,"column":21},"action":"remove","lines":["ü"]}]}],[{"group":"doc","deltas":[{"start":{"row":51,"column":20},"end":{"row":51,"column":21},"action":"insert","lines":["u"]}]}],[{"group":"doc","deltas":[{"start":{"row":51,"column":21},"end":{"row":51,"column":22},"action":"insert","lines":["e"]}]}],[{"group":"doc","deltas":[{"start":{"row":76,"column":0},"end":{"row":135,"column":0},"action":"remove","lines":["\t","CREATE table variablen(name TEXT UNIQUE, wert TEXT);","","INSERT INTO Familien(name) VALUES('Adam');INSERT OR REPLACE INTO variablen(name,wert) VALUES('familienId', (SELECT last_insert_rowid()));INSERT INTO Kinder(name,vorname,familienId) VALUES('Adam','Mia',(SELECT wert FROM variablen WHERE name='familienId'));INSERT OR REPLACE INTO variablen(name,wert) VALUES('kinderId', (SELECT last_insert_rowid()));INSERT INTO kinderschlagwoerter(kinderId, schlagwoerterId) VALUES ((SELECT wert FROM variablen WHERE name = 'kinderId'),(SELECT id FROM schlagwoerter WHERE bezeichnung='Gruppe blau'));INSERT INTO kinderschlagwoerter(kinderId, schlagwoerterId) VALUES ((SELECT wert FROM variablen WHERE name = 'kinderId'),(SELECT id FROM schlagwoerter WHERE bezeichnung='Waldkind'));INSERT INTO kinderschlagwoerter(kinderId, schlagwoerterId) VALUES ((SELECT wert FROM variablen WHERE name = 'kinderId'),(SELECT id FROM schlagwoerter WHERE bezeichnung='Schwimmkind'));INSERT INTO kinderschlagwoerter(kinderId, schlagwoerterId) VALUES ((SELECT wert FROM variablen WHERE name = 'kinderId'),(SELECT id FROM schlagwoerter WHERE bezeichnung='Stunden 45'));INSERT INTO kinderschlagwoerter(kinderId, schlagwoerterId) VALUES ((SELECT wert FROM variablen WHERE name = 'kinderId'),(SELECT id FROM schlagwoerter WHERE bezeichnung='Turngruppe 4-5'));INSERT INTO Kontaktpersonen(name, vorname, email, familienId, istStandardEmailKontakt) VALUES ('Adam','Miriam','miristern@gmx.de',(SELECT wert FROM variablen WHERE name='familienId'),1);","INSERT INTO Familien(name) VALUES('Birgden ');INSERT OR REPLACE INTO variablen(name,wert) VALUES('familienId', (SELECT last_insert_rowid()));INSERT INTO Kinder(name,vorname,familienId) VALUES('Birgden','Elija',(SELECT wert FROM variablen WHERE name='familienId'));INSERT OR REPLACE INTO variablen(name,wert) VALUES('kinderId', (SELECT last_insert_rowid()));INSERT INTO kinderschlagwoerter(kinderId, schlagwoerterId) VALUES ((SELECT wert FROM variablen WHERE name = 'kinderId'),(SELECT id FROM schlagwoerter WHERE bezeichnung='Gruppe blau'));INSERT INTO kinderschlagwoerter(kinderId, schlagwoerterId) VALUES ((SELECT wert FROM variablen WHERE name = 'kinderId'),(SELECT id FROM schlagwoerter WHERE bezeichnung='Waldkind'));INSERT INTO kinderschlagwoerter(kinderId, schlagwoerterId) VALUES ((SELECT wert FROM variablen WHERE name = 'kinderId'),(SELECT id FROM schlagwoerter WHERE bezeichnung='Schwimmkind'));INSERT INTO kinderschlagwoerter(kinderId, schlagwoerterId) VALUES ((SELECT wert FROM variablen WHERE name = 'kinderId'),(SELECT id FROM schlagwoerter WHERE bezeichnung='Stunden 45'));INSERT INTO kinderschlagwoerter(kinderId, schlagwoerterId) VALUES ((SELECT wert FROM variablen WHERE name = 'kinderId'),(SELECT id FROM schlagwoerter WHERE bezeichnung='Turngruppe 4-5'));INSERT INTO Kontaktpersonen(name, vorname, email, familienId, istStandardEmailKontakt) VALUES ('Birgden ','','birgden@Kirche-Koeln.de',(SELECT wert FROM variablen WHERE name='familienId'),1);","INSERT INTO Familien(name) VALUES('Freiberger');INSERT OR REPLACE INTO variablen(name,wert) VALUES('familienId', (SELECT last_insert_rowid()));INSERT INTO Kinder(name,vorname,familienId) VALUES('Freiberger','Maite',(SELECT wert FROM variablen WHERE name='familienId'));INSERT OR REPLACE INTO variablen(name,wert) VALUES('kinderId', (SELECT last_insert_rowid()));INSERT INTO kinderschlagwoerter(kinderId, schlagwoerterId) VALUES ((SELECT wert FROM variablen WHERE name = 'kinderId'),(SELECT id FROM schlagwoerter WHERE bezeichnung='Gruppe blau'));INSERT INTO kinderschlagwoerter(kinderId, schlagwoerterId) VALUES ((SELECT wert FROM variablen WHERE name = 'kinderId'),(SELECT id FROM schlagwoerter WHERE bezeichnung='Stunden 45'));INSERT INTO kinderschlagwoerter(kinderId, schlagwoerterId) VALUES ((SELECT wert FROM variablen WHERE name = 'kinderId'),(SELECT id FROM schlagwoerter WHERE bezeichnung='Turngruppe 3-4'));INSERT INTO Kontaktpersonen(name, vorname, email, familienId, istStandardEmailKontakt) VALUES ('Freiberger','','mail@p-freiberger.de',(SELECT wert FROM variablen WHERE name='familienId'),1);","INSERT INTO Familien(name) VALUES('Gatzke');INSERT OR REPLACE INTO variablen(name,wert) VALUES('familienId', (SELECT last_insert_rowid()));INSERT INTO Kinder(name,vorname,familienId) VALUES('Gatzke','Fiete',(SELECT wert FROM variablen WHERE name='familienId'));INSERT OR REPLACE INTO variablen(name,wert) VALUES('kinderId', (SELECT last_insert_rowid()));INSERT INTO kinderschlagwoerter(kinderId, schlagwoerterId) VALUES ((SELECT wert FROM variablen WHERE name = 'kinderId'),(SELECT id FROM schlagwoerter WHERE bezeichnung='Gruppe blau'));INSERT INTO kinderschlagwoerter(kinderId, schlagwoerterId) VALUES ((SELECT wert FROM variablen WHERE name = 'kinderId'),(SELECT id FROM schlagwoerter WHERE bezeichnung='Stunden 45'));INSERT INTO kinderschlagwoerter(kinderId, schlagwoerterId) VALUES ((SELECT wert FROM variablen WHERE name = 'kinderId'),(SELECT id FROM schlagwoerter WHERE bezeichnung='Turngruppe 3-4'));INSERT INTO Kontaktpersonen(name, vorname, email, familienId, istStandardEmailKontakt) VALUES ('Gatzke','','ch.geck@web.de',(SELECT wert FROM variablen WHERE name='familienId'),1);","INSERT INTO Familien(name) VALUES('Hansonis');INSERT OR REPLACE INTO variablen(name,wert) VALUES('familienId', (SELECT last_insert_rowid()));INSERT INTO Kinder(name,vorname,familienId) VALUES('Hansonis','Lars',(SELECT wert FROM variablen WHERE name='familienId'));INSERT OR REPLACE INTO variablen(name,wert) VALUES('kinderId', (SELECT last_insert_rowid()));INSERT INTO kinderschlagwoerter(kinderId, schlagwoerterId) VALUES ((SELECT wert FROM variablen WHERE name = 'kinderId'),(SELECT id FROM schlagwoerter WHERE bezeichnung='Gruppe blau'));INSERT INTO kinderschlagwoerter(kinderId, schlagwoerterId) VALUES ((SELECT wert FROM variablen WHERE name = 'kinderId'),(SELECT id FROM schlagwoerter WHERE bezeichnung='Waldkind'));INSERT INTO kinderschlagwoerter(kinderId, schlagwoerterId) VALUES ((SELECT wert FROM variablen WHERE name = 'kinderId'),(SELECT id FROM schlagwoerter WHERE bezeichnung='Schwimmkind'));INSERT INTO kinderschlagwoerter(kinderId, schlagwoerterId) VALUES ((SELECT wert FROM variablen WHERE name = 'kinderId'),(SELECT id FROM schlagwoerter WHERE bezeichnung='Stunden 45'));INSERT INTO kinderschlagwoerter(kinderId, schlagwoerterId) VALUES ((SELECT wert FROM variablen WHERE name = 'kinderId'),(SELECT id FROM schlagwoerter WHERE bezeichnung='Vorschulkind'));INSERT INTO kinderschlagwoerter(kinderId, schlagwoerterId) VALUES ((SELECT wert FROM variablen WHERE name = 'kinderId'),(SELECT id FROM schlagwoerter WHERE bezeichnung='Turngruppe 5-6'));INSERT INTO Kontaktpersonen(name, vorname, email, familienId, istStandardEmailKontakt) VALUES ('Hansonis','Guido','guidohansonis@web.de',(SELECT wert FROM variablen WHERE name='familienId'),1);","INSERT INTO Familien(name) VALUES('Jagodzinska');INSERT OR REPLACE INTO variablen(name,wert) VALUES('familienId', (SELECT last_insert_rowid()));INSERT INTO Kinder(name,vorname,familienId) VALUES('Jogodzinska','Louis',(SELECT wert FROM variablen WHERE name='familienId'));INSERT OR REPLACE INTO variablen(name,wert) VALUES('kinderId', (SELECT last_insert_rowid()));INSERT INTO kinderschlagwoerter(kinderId, schlagwoerterId) VALUES ((SELECT wert FROM variablen WHERE name = 'kinderId'),(SELECT id FROM schlagwoerter WHERE bezeichnung='Gruppe blau'));INSERT INTO kinderschlagwoerter(kinderId, schlagwoerterId) VALUES ((SELECT wert FROM variablen WHERE name = 'kinderId'),(SELECT id FROM schlagwoerter WHERE bezeichnung='Stunden 45'));INSERT INTO kinderschlagwoerter(kinderId, schlagwoerterId) VALUES ((SELECT wert FROM variablen WHERE name = 'kinderId'),(SELECT id FROM schlagwoerter WHERE bezeichnung='Turngruppe 2-3'));INSERT INTO Kontaktpersonen(name, vorname, email, familienId, istStandardEmailKontakt) VALUES ('Jagodzinska','Eva-Maria','eva-maria.jagodzinska@gmx.de',(SELECT wert FROM variablen WHERE name='familienId'),1);","INSERT INTO Familien(name) VALUES('Kenn');INSERT OR REPLACE INTO variablen(name,wert) VALUES('familienId', (SELECT last_insert_rowid()));INSERT INTO Kinder(name,vorname,familienId) VALUES('Kenn','Helena',(SELECT wert FROM variablen WHERE name='familienId'));INSERT OR REPLACE INTO variablen(name,wert) VALUES('kinderId', (SELECT last_insert_rowid()));INSERT INTO kinderschlagwoerter(kinderId, schlagwoerterId) VALUES ((SELECT wert FROM variablen WHERE name = 'kinderId'),(SELECT id FROM schlagwoerter WHERE bezeichnung='Gruppe blau'));INSERT INTO kinderschlagwoerter(kinderId, schlagwoerterId) VALUES ((SELECT wert FROM variablen WHERE name = 'kinderId'),(SELECT id FROM schlagwoerter WHERE bezeichnung='Waldkind'));INSERT INTO kinderschlagwoerter(kinderId, schlagwoerterId) VALUES ((SELECT wert FROM variablen WHERE name = 'kinderId'),(SELECT id FROM schlagwoerter WHERE bezeichnung='Schwimmkind'));INSERT INTO kinderschlagwoerter(kinderId, schlagwoerterId) VALUES ((SELECT wert FROM variablen WHERE name = 'kinderId'),(SELECT id FROM schlagwoerter WHERE bezeichnung='Stunden 45'));INSERT INTO kinderschlagwoerter(kinderId, schlagwoerterId) VALUES ((SELECT wert FROM variablen WHERE name = 'kinderId'),(SELECT id FROM schlagwoerter WHERE bezeichnung='Turngruppe 4-5'));INSERT INTO Kontaktpersonen(name, vorname, email, familienId, istStandardEmailKontakt) VALUES ('Kenn','Antje','antje_schettler@hotmail.com',(SELECT wert FROM variablen WHERE name='familienId'),1);","INSERT OR REPLACE INTO variablen(name,wert) VALUES('familienId',(SELECT id FROM Familien WHERE name='Kenn'));INSERT INTO Kinder(name,vorname,familienId) VALUES('Kenn','Juliana',(SELECT wert FROM variablen WHERE name='familienId'));INSERT OR REPLACE INTO variablen(name,wert) VALUES('kinderId', (SELECT last_insert_rowid()));INSERT INTO kinderschlagwoerter(kinderId, schlagwoerterId) VALUES ((SELECT wert FROM variablen WHERE name = 'kinderId'),(SELECT id FROM schlagwoerter WHERE bezeichnung='Gruppe blau'));INSERT INTO kinderschlagwoerter(kinderId, schlagwoerterId) VALUES ((SELECT wert FROM variablen WHERE name = 'kinderId'),(SELECT id FROM schlagwoerter WHERE bezeichnung='Waldkind'));INSERT INTO kinderschlagwoerter(kinderId, schlagwoerterId) VALUES ((SELECT wert FROM variablen WHERE name = 'kinderId'),(SELECT id FROM schlagwoerter WHERE bezeichnung='Schwimmkind'));INSERT INTO kinderschlagwoerter(kinderId, schlagwoerterId) VALUES ((SELECT wert FROM variablen WHERE name = 'kinderId'),(SELECT id FROM schlagwoerter WHERE bezeichnung='Stunden 45'));INSERT INTO kinderschlagwoerter(kinderId, schlagwoerterId) VALUES ((SELECT wert FROM variablen WHERE name = 'kinderId'),(SELECT id FROM schlagwoerter WHERE bezeichnung='Turngruppe 4-5'));","INSERT INTO Familien(name) VALUES('Koep');INSERT OR REPLACE INTO variablen(name,wert) VALUES('familienId', (SELECT last_insert_rowid()));INSERT INTO Kinder(name,vorname,familienId) VALUES('Koep','Theo',(SELECT wert FROM variablen WHERE name='familienId'));INSERT OR REPLACE INTO variablen(name,wert) VALUES('kinderId', (SELECT last_insert_rowid()));INSERT INTO kinderschlagwoerter(kinderId, schlagwoerterId) VALUES ((SELECT wert FROM variablen WHERE name = 'kinderId'),(SELECT id FROM schlagwoerter WHERE bezeichnung='Gruppe blau'));INSERT INTO kinderschlagwoerter(kinderId, schlagwoerterId) VALUES ((SELECT wert FROM variablen WHERE name = 'kinderId'),(SELECT id FROM schlagwoerter WHERE bezeichnung='Waldkind'));INSERT INTO kinderschlagwoerter(kinderId, schlagwoerterId) VALUES ((SELECT wert FROM variablen WHERE name = 'kinderId'),(SELECT id FROM schlagwoerter WHERE bezeichnung='Schwimmkind'));INSERT INTO kinderschlagwoerter(kinderId, schlagwoerterId) VALUES ((SELECT wert FROM variablen WHERE name = 'kinderId'),(SELECT id FROM schlagwoerter WHERE bezeichnung='Stunden 45'));INSERT INTO kinderschlagwoerter(kinderId, schlagwoerterId) VALUES ((SELECT wert FROM variablen WHERE name = 'kinderId'),(SELECT id FROM schlagwoerter WHERE bezeichnung='Turngruppe 4-5'));INSERT INTO Kontaktpersonen(name, vorname, email, familienId, istStandardEmailKontakt) VALUES ('Koep','Mara','mara.koep@netcologne.de',(SELECT wert FROM variablen WHERE name='familienId'),1);","INSERT INTO Familien(name) VALUES('Lorenz ');INSERT OR REPLACE INTO variablen(name,wert) VALUES('familienId', (SELECT last_insert_rowid()));INSERT INTO Kinder(name,vorname,familienId) VALUES('Lorenz','Samuel',(SELECT wert FROM variablen WHERE name='familienId'));INSERT OR REPLACE INTO variablen(name,wert) VALUES('kinderId', (SELECT last_insert_rowid()));INSERT INTO kinderschlagwoerter(kinderId, schlagwoerterId) VALUES ((SELECT wert FROM variablen WHERE name = 'kinderId'),(SELECT id FROM schlagwoerter WHERE bezeichnung='Gruppe blau'));INSERT INTO kinderschlagwoerter(kinderId, schlagwoerterId) VALUES ((SELECT wert FROM variablen WHERE name = 'kinderId'),(SELECT id FROM schlagwoerter WHERE bezeichnung='Stunden 45'));INSERT INTO kinderschlagwoerter(kinderId, schlagwoerterId) VALUES ((SELECT wert FROM variablen WHERE name = 'kinderId'),(SELECT id FROM schlagwoerter WHERE bezeichnung='Turngruppe 3-4'));INSERT INTO Kontaktpersonen(name, vorname, email, familienId, istStandardEmailKontakt) VALUES ('Lorenz ','Samira','Lorenz.Samira@hotmail.de',(SELECT wert FROM variablen WHERE name='familienId'),1);","INSERT INTO Familien(name) VALUES('Mathar');INSERT OR REPLACE INTO variablen(name,wert) VALUES('familienId', (SELECT last_insert_rowid()));INSERT INTO Kinder(name,vorname,familienId) VALUES('Mathar','Laura',(SELECT wert FROM variablen WHERE name='familienId'));INSERT OR REPLACE INTO variablen(name,wert) VALUES('kinderId', (SELECT last_insert_rowid()));INSERT INTO kinderschlagwoerter(kinderId, schlagwoerterId) VALUES ((SELECT wert FROM variablen WHERE name = 'kinderId'),(SELECT id FROM schlagwoerter WHERE bezeichnung='Gruppe blau'));INSERT INTO kinderschlagwoerter(kinderId, schlagwoerterId) VALUES ((SELECT wert FROM variablen WHERE name = 'kinderId'),(SELECT id FROM schlagwoerter WHERE bezeichnung='Waldkind'));INSERT INTO kinderschlagwoerter(kinderId, schlagwoerterId) VALUES ((SELECT wert FROM variablen WHERE name = 'kinderId'),(SELECT id FROM schlagwoerter WHERE bezeichnung='Schwimmkind'));INSERT INTO kinderschlagwoerter(kinderId, schlagwoerterId) VALUES ((SELECT wert FROM variablen WHERE name = 'kinderId'),(SELECT id FROM schlagwoerter WHERE bezeichnung='Stunden 45'));INSERT INTO kinderschlagwoerter(kinderId, schlagwoerterId) VALUES ((SELECT wert FROM variablen WHERE name = 'kinderId'),(SELECT id FROM schlagwoerter WHERE bezeichnung='Turngruppe 4-5'));INSERT INTO Kontaktpersonen(name, vorname, email, familienId, istStandardEmailKontakt) VALUES ('Mathar','Bettina','bettina.mathar@googlemail.com',(SELECT wert FROM variablen WHERE name='familienId'),1);","INSERT INTO Familien(name) VALUES('Müller');INSERT OR REPLACE INTO variablen(name,wert) VALUES('familienId', (SELECT last_insert_rowid()));INSERT INTO Kinder(name,vorname,familienId) VALUES('Müller','Giulia',(SELECT wert FROM variablen WHERE name='familienId'));INSERT OR REPLACE INTO variablen(name,wert) VALUES('kinderId', (SELECT last_insert_rowid()));INSERT INTO kinderschlagwoerter(kinderId, schlagwoerterId) VALUES ((SELECT wert FROM variablen WHERE name = 'kinderId'),(SELECT id FROM schlagwoerter WHERE bezeichnung='Gruppe blau'));INSERT INTO kinderschlagwoerter(kinderId, schlagwoerterId) VALUES ((SELECT wert FROM variablen WHERE name = 'kinderId'),(SELECT id FROM schlagwoerter WHERE bezeichnung='Waldkind'));INSERT INTO kinderschlagwoerter(kinderId, schlagwoerterId) VALUES ((SELECT wert FROM variablen WHERE name = 'kinderId'),(SELECT id FROM schlagwoerter WHERE bezeichnung='Schwimmkind'));INSERT INTO kinderschlagwoerter(kinderId, schlagwoerterId) VALUES ((SELECT wert FROM variablen WHERE name = 'kinderId'),(SELECT id FROM schlagwoerter WHERE bezeichnung='Stunden 45'));INSERT INTO kinderschlagwoerter(kinderId, schlagwoerterId) VALUES ((SELECT wert FROM variablen WHERE name = 'kinderId'),(SELECT id FROM schlagwoerter WHERE bezeichnung='Vorschulkind'));INSERT INTO kinderschlagwoerter(kinderId, schlagwoerterId) VALUES ((SELECT wert FROM variablen WHERE name = 'kinderId'),(SELECT id FROM schlagwoerter WHERE bezeichnung='Turngruppe 5-6'));INSERT INTO Kontaktpersonen(name, vorname, email, familienId, istStandardEmailKontakt) VALUES ('Müller','','',(SELECT wert FROM variablen WHERE name='familienId'),1);","INSERT INTO Familien(name) VALUES('Pesch');INSERT OR REPLACE INTO variablen(name,wert) VALUES('familienId', (SELECT last_insert_rowid()));INSERT INTO Kinder(name,vorname,familienId) VALUES('Pesch','Johann',(SELECT wert FROM variablen WHERE name='familienId'));INSERT OR REPLACE INTO variablen(name,wert) VALUES('kinderId', (SELECT last_insert_rowid()));INSERT INTO kinderschlagwoerter(kinderId, schlagwoerterId) VALUES ((SELECT wert FROM variablen WHERE name = 'kinderId'),(SELECT id FROM schlagwoerter WHERE bezeichnung='Gruppe blau'));INSERT INTO kinderschlagwoerter(kinderId, schlagwoerterId) VALUES ((SELECT wert FROM variablen WHERE name = 'kinderId'),(SELECT id FROM schlagwoerter WHERE bezeichnung='Stunden 45'));INSERT INTO kinderschlagwoerter(kinderId, schlagwoerterId) VALUES ((SELECT wert FROM variablen WHERE name = 'kinderId'),(SELECT id FROM schlagwoerter WHERE bezeichnung='Turngruppe 2-3'));INSERT INTO Kontaktpersonen(name, vorname, email, familienId, istStandardEmailKontakt) VALUES ('Pesch','Cathrin','cathrin.pesch@netcologne.de',(SELECT wert FROM variablen WHERE name='familienId'),1);","INSERT INTO Familien(name) VALUES('Quarz');INSERT OR REPLACE INTO variablen(name,wert) VALUES('familienId', (SELECT last_insert_rowid()));INSERT INTO Kinder(name,vorname,familienId) VALUES('Quarz','Malte',(SELECT wert FROM variablen WHERE name='familienId'));INSERT OR REPLACE INTO variablen(name,wert) VALUES('kinderId', (SELECT last_insert_rowid()));INSERT INTO kinderschlagwoerter(kinderId, schlagwoerterId) VALUES ((SELECT wert FROM variablen WHERE name = 'kinderId'),(SELECT id FROM schlagwoerter WHERE bezeichnung='Gruppe blau'));INSERT INTO kinderschlagwoerter(kinderId, schlagwoerterId) VALUES ((SELECT wert FROM variablen WHERE name = 'kinderId'),(SELECT id FROM schlagwoerter WHERE bezeichnung='Waldkind'));INSERT INTO kinderschlagwoerter(kinderId, schlagwoerterId) VALUES ((SELECT wert FROM variablen WHERE name = 'kinderId'),(SELECT id FROM schlagwoerter WHERE bezeichnung='Schwimmkind'));INSERT INTO kinderschlagwoerter(kinderId, schlagwoerterId) VALUES ((SELECT wert FROM variablen WHERE name = 'kinderId'),(SELECT id FROM schlagwoerter WHERE bezeichnung='Stunden 45'));INSERT INTO kinderschlagwoerter(kinderId, schlagwoerterId) VALUES ((SELECT wert FROM variablen WHERE name = 'kinderId'),(SELECT id FROM schlagwoerter WHERE bezeichnung='Vorschulkind'));INSERT INTO kinderschlagwoerter(kinderId, schlagwoerterId) VALUES ((SELECT wert FROM variablen WHERE name = 'kinderId'),(SELECT id FROM schlagwoerter WHERE bezeichnung='Turngruppe 5-6'));INSERT INTO Kontaktpersonen(name, vorname, email, familienId, istStandardEmailKontakt) VALUES ('Quarz','','hausundheim@gmx.de',(SELECT wert FROM variablen WHERE name='familienId'),1);","INSERT INTO Familien(name) VALUES('Röhrig');INSERT OR REPLACE INTO variablen(name,wert) VALUES('familienId', (SELECT last_insert_rowid()));INSERT INTO Kinder(name,vorname,familienId) VALUES('Röhrig','Paulina',(SELECT wert FROM variablen WHERE name='familienId'));INSERT OR REPLACE INTO variablen(name,wert) VALUES('kinderId', (SELECT last_insert_rowid()));INSERT INTO kinderschlagwoerter(kinderId, schlagwoerterId) VALUES ((SELECT wert FROM variablen WHERE name = 'kinderId'),(SELECT id FROM schlagwoerter WHERE bezeichnung='Gruppe blau'));INSERT INTO kinderschlagwoerter(kinderId, schlagwoerterId) VALUES ((SELECT wert FROM variablen WHERE name = 'kinderId'),(SELECT id FROM schlagwoerter WHERE bezeichnung='Waldkind'));INSERT INTO kinderschlagwoerter(kinderId, schlagwoerterId) VALUES ((SELECT wert FROM variablen WHERE name = 'kinderId'),(SELECT id FROM schlagwoerter WHERE bezeichnung='Schwimmkind'));INSERT INTO kinderschlagwoerter(kinderId, schlagwoerterId) VALUES ((SELECT wert FROM variablen WHERE name = 'kinderId'),(SELECT id FROM schlagwoerter WHERE bezeichnung='Stunden 45'));INSERT INTO kinderschlagwoerter(kinderId, schlagwoerterId) VALUES ((SELECT wert FROM variablen WHERE name = 'kinderId'),(SELECT id FROM schlagwoerter WHERE bezeichnung='Turngruppe 4-5'));INSERT INTO Kontaktpersonen(name, vorname, email, familienId, istStandardEmailKontakt) VALUES ('Röhrig','Frank','frank.roehrig@gmx.de',(SELECT wert FROM variablen WHERE name='familienId'),1);","INSERT INTO Familien(name) VALUES('Simon');INSERT OR REPLACE INTO variablen(name,wert) VALUES('familienId', (SELECT last_insert_rowid()));INSERT INTO Kinder(name,vorname,familienId) VALUES('Simon','Taavi',(SELECT wert FROM variablen WHERE name='familienId'));INSERT OR REPLACE INTO variablen(name,wert) VALUES('kinderId', (SELECT last_insert_rowid()));INSERT INTO kinderschlagwoerter(kinderId, schlagwoerterId) VALUES ((SELECT wert FROM variablen WHERE name = 'kinderId'),(SELECT id FROM schlagwoerter WHERE bezeichnung='Gruppe blau'));INSERT INTO kinderschlagwoerter(kinderId, schlagwoerterId) VALUES ((SELECT wert FROM variablen WHERE name = 'kinderId'),(SELECT id FROM schlagwoerter WHERE bezeichnung='Stunden 45'));INSERT INTO kinderschlagwoerter(kinderId, schlagwoerterId) VALUES ((SELECT wert FROM variablen WHERE name = 'kinderId'),(SELECT id FROM schlagwoerter WHERE bezeichnung='Turngruppe 2-3'));INSERT INTO Kontaktpersonen(name, vorname, email, familienId, istStandardEmailKontakt) VALUES ('Simon','Kathrin','kathrinsimon77@gmx.de',(SELECT wert FROM variablen WHERE name='familienId'),1);","INSERT INTO Familien(name) VALUES('Snoek');INSERT OR REPLACE INTO variablen(name,wert) VALUES('familienId', (SELECT last_insert_rowid()));INSERT INTO Kinder(name,vorname,familienId) VALUES('Snoek','Ben',(SELECT wert FROM variablen WHERE name='familienId'));INSERT OR REPLACE INTO variablen(name,wert) VALUES('kinderId', (SELECT last_insert_rowid()));INSERT INTO kinderschlagwoerter(kinderId, schlagwoerterId) VALUES ((SELECT wert FROM variablen WHERE name = 'kinderId'),(SELECT id FROM schlagwoerter WHERE bezeichnung='Gruppe blau'));INSERT INTO kinderschlagwoerter(kinderId, schlagwoerterId) VALUES ((SELECT wert FROM variablen WHERE name = 'kinderId'),(SELECT id FROM schlagwoerter WHERE bezeichnung='Waldkind'));INSERT INTO kinderschlagwoerter(kinderId, schlagwoerterId) VALUES ((SELECT wert FROM variablen WHERE name = 'kinderId'),(SELECT id FROM schlagwoerter WHERE bezeichnung='Schwimmkind'));INSERT INTO kinderschlagwoerter(kinderId, schlagwoerterId) VALUES ((SELECT wert FROM variablen WHERE name = 'kinderId'),(SELECT id FROM schlagwoerter WHERE bezeichnung='Stunden 45'));INSERT INTO kinderschlagwoerter(kinderId, schlagwoerterId) VALUES ((SELECT wert FROM variablen WHERE name = 'kinderId'),(SELECT id FROM schlagwoerter WHERE bezeichnung='Vorschulkind'));INSERT INTO kinderschlagwoerter(kinderId, schlagwoerterId) VALUES ((SELECT wert FROM variablen WHERE name = 'kinderId'),(SELECT id FROM schlagwoerter WHERE bezeichnung='Turngruppe 5-6'));INSERT INTO Kontaktpersonen(name, vorname, email, familienId, istStandardEmailKontakt) VALUES ('Snoek','','snuuk@gmx.de',(SELECT wert FROM variablen WHERE name='familienId'),1);","INSERT INTO Familien(name) VALUES('Wurl ');INSERT OR REPLACE INTO variablen(name,wert) VALUES('familienId', (SELECT last_insert_rowid()));INSERT INTO Kinder(name,vorname,familienId) VALUES('Wurl','Ben',(SELECT wert FROM variablen WHERE name='familienId'));INSERT OR REPLACE INTO variablen(name,wert) VALUES('kinderId', (SELECT last_insert_rowid()));INSERT INTO kinderschlagwoerter(kinderId, schlagwoerterId) VALUES ((SELECT wert FROM variablen WHERE name = 'kinderId'),(SELECT id FROM schlagwoerter WHERE bezeichnung='Gruppe blau'));INSERT INTO kinderschlagwoerter(kinderId, schlagwoerterId) VALUES ((SELECT wert FROM variablen WHERE name = 'kinderId'),(SELECT id FROM schlagwoerter WHERE bezeichnung='Schwimmkind'));INSERT INTO kinderschlagwoerter(kinderId, schlagwoerterId) VALUES ((SELECT wert FROM variablen WHERE name = 'kinderId'),(SELECT id FROM schlagwoerter WHERE bezeichnung='Stunden 45'));INSERT INTO kinderschlagwoerter(kinderId, schlagwoerterId) VALUES ((SELECT wert FROM variablen WHERE name = 'kinderId'),(SELECT id FROM schlagwoerter WHERE bezeichnung='Turngruppe 3-4'));INSERT INTO Kontaktpersonen(name, vorname, email, familienId, istStandardEmailKontakt) VALUES ('Wurl ','','beaveiga@yahoo.de',(SELECT wert FROM variablen WHERE name='familienId'),1);","INSERT INTO Familien(name) VALUES('Azman');INSERT OR REPLACE INTO variablen(name,wert) VALUES('familienId', (SELECT last_insert_rowid()));INSERT INTO Kinder(name,vorname,familienId) VALUES('Azman','Amel',(SELECT wert FROM variablen WHERE name='familienId'));INSERT OR REPLACE INTO variablen(name,wert) VALUES('kinderId', (SELECT last_insert_rowid()));INSERT INTO kinderschlagwoerter(kinderId, schlagwoerterId) VALUES ((SELECT wert FROM variablen WHERE name = 'kinderId'),(SELECT id FROM schlagwoerter WHERE bezeichnung='Gruppe rot'));INSERT INTO kinderschlagwoerter(kinderId, schlagwoerterId) VALUES ((SELECT wert FROM variablen WHERE name = 'kinderId'),(SELECT id FROM schlagwoerter WHERE bezeichnung='Schwimmkind'));INSERT INTO kinderschlagwoerter(kinderId, schlagwoerterId) VALUES ((SELECT wert FROM variablen WHERE name = 'kinderId'),(SELECT id FROM schlagwoerter WHERE bezeichnung='Stunden 35'));INSERT INTO kinderschlagwoerter(kinderId, schlagwoerterId) VALUES ((SELECT wert FROM variablen WHERE name = 'kinderId'),(SELECT id FROM schlagwoerter WHERE bezeichnung='Turngruppe 3-4'));INSERT INTO Kontaktpersonen(name, vorname, email, familienId, istStandardEmailKontakt) VALUES ('Azman','Ismail','ismailazman@web.de',(SELECT wert FROM variablen WHERE name='familienId'),1);","INSERT OR REPLACE INTO variablen(name,wert) VALUES('familienId',(SELECT id FROM Familien WHERE name='Azman'));INSERT INTO Kinder(name,vorname,familienId) VALUES('Azman','Gizem',(SELECT wert FROM variablen WHERE name='familienId'));INSERT OR REPLACE INTO variablen(name,wert) VALUES('kinderId', (SELECT last_insert_rowid()));INSERT INTO kinderschlagwoerter(kinderId, schlagwoerterId) VALUES ((SELECT wert FROM variablen WHERE name = 'kinderId'),(SELECT id FROM schlagwoerter WHERE bezeichnung='Gruppe rot'));INSERT INTO kinderschlagwoerter(kinderId, schlagwoerterId) VALUES ((SELECT wert FROM variablen WHERE name = 'kinderId'),(SELECT id FROM schlagwoerter WHERE bezeichnung='Waldkind'));INSERT INTO kinderschlagwoerter(kinderId, schlagwoerterId) VALUES ((SELECT wert FROM variablen WHERE name = 'kinderId'),(SELECT id FROM schlagwoerter WHERE bezeichnung='Schwimmkind'));INSERT INTO kinderschlagwoerter(kinderId, schlagwoerterId) VALUES ((SELECT wert FROM variablen WHERE name = 'kinderId'),(SELECT id FROM schlagwoerter WHERE bezeichnung='Stunden 35'));INSERT INTO kinderschlagwoerter(kinderId, schlagwoerterId) VALUES ((SELECT wert FROM variablen WHERE name = 'kinderId'),(SELECT id FROM schlagwoerter WHERE bezeichnung='Turngruppe 4-5'));","INSERT INTO Familien(name) VALUES('Aziz');INSERT OR REPLACE INTO variablen(name,wert) VALUES('familienId', (SELECT last_insert_rowid()));INSERT INTO Kinder(name,vorname,familienId) VALUES('Aziz','Namo',(SELECT wert FROM variablen WHERE name='familienId'));INSERT OR REPLACE INTO variablen(name,wert) VALUES('kinderId', (SELECT last_insert_rowid()));INSERT INTO kinderschlagwoerter(kinderId, schlagwoerterId) VALUES ((SELECT wert FROM variablen WHERE name = 'kinderId'),(SELECT id FROM schlagwoerter WHERE bezeichnung='Gruppe rot'));INSERT INTO kinderschlagwoerter(kinderId, schlagwoerterId) VALUES ((SELECT wert FROM variablen WHERE name = 'kinderId'),(SELECT id FROM schlagwoerter WHERE bezeichnung='Waldkind'));INSERT INTO kinderschlagwoerter(kinderId, schlagwoerterId) VALUES ((SELECT wert FROM variablen WHERE name = 'kinderId'),(SELECT id FROM schlagwoerter WHERE bezeichnung='Stunden 35'));INSERT INTO kinderschlagwoerter(kinderId, schlagwoerterId) VALUES ((SELECT wert FROM variablen WHERE name = 'kinderId'),(SELECT id FROM schlagwoerter WHERE bezeichnung='Turngruppe 4-5'));INSERT INTO Kontaktpersonen(name, vorname, email, familienId, istStandardEmailKontakt) VALUES ('Aziz','','s.aziz@gmx.de',(SELECT wert FROM variablen WHERE name='familienId'),1);","INSERT INTO Familien(name) VALUES('Balci');INSERT OR REPLACE INTO variablen(name,wert) VALUES('familienId', (SELECT last_insert_rowid()));INSERT INTO Kinder(name,vorname,familienId) VALUES('Balci','Ela',(SELECT wert FROM variablen WHERE name='familienId'));INSERT OR REPLACE INTO variablen(name,wert) VALUES('kinderId', (SELECT last_insert_rowid()));INSERT INTO kinderschlagwoerter(kinderId, schlagwoerterId) VALUES ((SELECT wert FROM variablen WHERE name = 'kinderId'),(SELECT id FROM schlagwoerter WHERE bezeichnung='Gruppe rot'));INSERT INTO kinderschlagwoerter(kinderId, schlagwoerterId) VALUES ((SELECT wert FROM variablen WHERE name = 'kinderId'),(SELECT id FROM schlagwoerter WHERE bezeichnung='Waldkind'));INSERT INTO kinderschlagwoerter(kinderId, schlagwoerterId) VALUES ((SELECT wert FROM variablen WHERE name = 'kinderId'),(SELECT id FROM schlagwoerter WHERE bezeichnung='Schwimmkind'));INSERT INTO kinderschlagwoerter(kinderId, schlagwoerterId) VALUES ((SELECT wert FROM variablen WHERE name = 'kinderId'),(SELECT id FROM schlagwoerter WHERE bezeichnung='Stunden 45'));INSERT INTO kinderschlagwoerter(kinderId, schlagwoerterId) VALUES ((SELECT wert FROM variablen WHERE name = 'kinderId'),(SELECT id FROM schlagwoerter WHERE bezeichnung='Vorschulkind'));INSERT INTO kinderschlagwoerter(kinderId, schlagwoerterId) VALUES ((SELECT wert FROM variablen WHERE name = 'kinderId'),(SELECT id FROM schlagwoerter WHERE bezeichnung='Turngruppe 5-6'));INSERT INTO Kontaktpersonen(name, vorname, email, familienId, istStandardEmailKontakt) VALUES ('Balci','Halil-Nurhan','halil-nurhan.balci@t-online.de',(SELECT wert FROM variablen WHERE name='familienId'),1);","INSERT INTO Familien(name) VALUES('Bergfort');INSERT OR REPLACE INTO variablen(name,wert) VALUES('familienId', (SELECT last_insert_rowid()));INSERT INTO Kinder(name,vorname,familienId) VALUES('Bergfort','Milla',(SELECT wert FROM variablen WHERE name='familienId'));INSERT OR REPLACE INTO variablen(name,wert) VALUES('kinderId', (SELECT last_insert_rowid()));INSERT INTO kinderschlagwoerter(kinderId, schlagwoerterId) VALUES ((SELECT wert FROM variablen WHERE name = 'kinderId'),(SELECT id FROM schlagwoerter WHERE bezeichnung='Gruppe rot'));INSERT INTO kinderschlagwoerter(kinderId, schlagwoerterId) VALUES ((SELECT wert FROM variablen WHERE name = 'kinderId'),(SELECT id FROM schlagwoerter WHERE bezeichnung='Waldkind'));INSERT INTO kinderschlagwoerter(kinderId, schlagwoerterId) VALUES ((SELECT wert FROM variablen WHERE name = 'kinderId'),(SELECT id FROM schlagwoerter WHERE bezeichnung='Schwimmkind'));INSERT INTO kinderschlagwoerter(kinderId, schlagwoerterId) VALUES ((SELECT wert FROM variablen WHERE name = 'kinderId'),(SELECT id FROM schlagwoerter WHERE bezeichnung='Stunden 35'));INSERT INTO kinderschlagwoerter(kinderId, schlagwoerterId) VALUES ((SELECT wert FROM variablen WHERE name = 'kinderId'),(SELECT id FROM schlagwoerter WHERE bezeichnung='Vorschulkind'));INSERT INTO kinderschlagwoerter(kinderId, schlagwoerterId) VALUES ((SELECT wert FROM variablen WHERE name = 'kinderId'),(SELECT id FROM schlagwoerter WHERE bezeichnung='Turngruppe 5-6'));INSERT INTO Kontaktpersonen(name, vorname, email, familienId, istStandardEmailKontakt) VALUES ('Bergfort','Steffi','steffi@hal612.de',(SELECT wert FROM variablen WHERE name='familienId'),1);","INSERT INTO Familien(name) VALUES('El Mansouri');INSERT OR REPLACE INTO variablen(name,wert) VALUES('familienId', (SELECT last_insert_rowid()));INSERT INTO Kinder(name,vorname,familienId) VALUES('El Mansouri','Ilyas',(SELECT wert FROM variablen WHERE name='familienId'));INSERT OR REPLACE INTO variablen(name,wert) VALUES('kinderId', (SELECT last_insert_rowid()));INSERT INTO kinderschlagwoerter(kinderId, schlagwoerterId) VALUES ((SELECT wert FROM variablen WHERE name = 'kinderId'),(SELECT id FROM schlagwoerter WHERE bezeichnung='Gruppe rot'));INSERT INTO kinderschlagwoerter(kinderId, schlagwoerterId) VALUES ((SELECT wert FROM variablen WHERE name = 'kinderId'),(SELECT id FROM schlagwoerter WHERE bezeichnung='Waldkind'));INSERT INTO kinderschlagwoerter(kinderId, schlagwoerterId) VALUES ((SELECT wert FROM variablen WHERE name = 'kinderId'),(SELECT id FROM schlagwoerter WHERE bezeichnung='Schwimmkind'));INSERT INTO kinderschlagwoerter(kinderId, schlagwoerterId) VALUES ((SELECT wert FROM variablen WHERE name = 'kinderId'),(SELECT id FROM schlagwoerter WHERE bezeichnung='Stunden 35'));INSERT INTO kinderschlagwoerter(kinderId, schlagwoerterId) VALUES ((SELECT wert FROM variablen WHERE name = 'kinderId'),(SELECT id FROM schlagwoerter WHERE bezeichnung='Turngruppe 4-5'));INSERT INTO Kontaktpersonen(name, vorname, email, familienId, istStandardEmailKontakt) VALUES ('El Mansouri','','podgrabinski@hotmail.com',(SELECT wert FROM variablen WHERE name='familienId'),1);","INSERT INTO Familien(name) VALUES('Farfurowski');INSERT OR REPLACE INTO variablen(name,wert) VALUES('familienId', (SELECT last_insert_rowid()));INSERT INTO Kinder(name,vorname,familienId) VALUES('Farfurowski','Daniel',(SELECT wert FROM variablen WHERE name='familienId'));INSERT OR REPLACE INTO variablen(name,wert) VALUES('kinderId', (SELECT last_insert_rowid()));INSERT INTO kinderschlagwoerter(kinderId, schlagwoerterId) VALUES ((SELECT wert FROM variablen WHERE name = 'kinderId'),(SELECT id FROM schlagwoerter WHERE bezeichnung='Gruppe rot'));INSERT INTO kinderschlagwoerter(kinderId, schlagwoerterId) VALUES ((SELECT wert FROM variablen WHERE name = 'kinderId'),(SELECT id FROM schlagwoerter WHERE bezeichnung='Schwimmkind'));INSERT INTO kinderschlagwoerter(kinderId, schlagwoerterId) VALUES ((SELECT wert FROM variablen WHERE name = 'kinderId'),(SELECT id FROM schlagwoerter WHERE bezeichnung='Stunden 45'));INSERT INTO kinderschlagwoerter(kinderId, schlagwoerterId) VALUES ((SELECT wert FROM variablen WHERE name = 'kinderId'),(SELECT id FROM schlagwoerter WHERE bezeichnung='Turngruppe 3-4'));INSERT INTO Kontaktpersonen(name, vorname, email, familienId, istStandardEmailKontakt) VALUES ('Farfurowski','','t.farfurowskaya@gmx.de',(SELECT wert FROM variablen WHERE name='familienId'),1);","INSERT INTO Familien(name) VALUES('Figura');INSERT OR REPLACE INTO variablen(name,wert) VALUES('familienId', (SELECT last_insert_rowid()));INSERT INTO Kinder(name,vorname,familienId) VALUES('Figura','Sophie',(SELECT wert FROM variablen WHERE name='familienId'));INSERT OR REPLACE INTO variablen(name,wert) VALUES('kinderId', (SELECT last_insert_rowid()));INSERT INTO kinderschlagwoerter(kinderId, schlagwoerterId) VALUES ((SELECT wert FROM variablen WHERE name = 'kinderId'),(SELECT id FROM schlagwoerter WHERE bezeichnung='Gruppe rot'));INSERT INTO kinderschlagwoerter(kinderId, schlagwoerterId) VALUES ((SELECT wert FROM variablen WHERE name = 'kinderId'),(SELECT id FROM schlagwoerter WHERE bezeichnung='Waldkind'));INSERT INTO kinderschlagwoerter(kinderId, schlagwoerterId) VALUES ((SELECT wert FROM variablen WHERE name = 'kinderId'),(SELECT id FROM schlagwoerter WHERE bezeichnung='Schwimmkind'));INSERT INTO kinderschlagwoerter(kinderId, schlagwoerterId) VALUES ((SELECT wert FROM variablen WHERE name = 'kinderId'),(SELECT id FROM schlagwoerter WHERE bezeichnung='Stunden 35'));INSERT INTO kinderschlagwoerter(kinderId, schlagwoerterId) VALUES ((SELECT wert FROM variablen WHERE name = 'kinderId'),(SELECT id FROM schlagwoerter WHERE bezeichnung='Turngruppe 4-5'));INSERT INTO Kontaktpersonen(name, vorname, email, familienId, istStandardEmailKontakt) VALUES ('Figura','Andreas','andreas.figura@gmx.de',(SELECT wert FROM variablen WHERE name='familienId'),1);","INSERT INTO Familien(name) VALUES('Franke');INSERT OR REPLACE INTO variablen(name,wert) VALUES('familienId', (SELECT last_insert_rowid()));INSERT INTO Kinder(name,vorname,familienId) VALUES('Franke','Emilie',(SELECT wert FROM variablen WHERE name='familienId'));INSERT OR REPLACE INTO variablen(name,wert) VALUES('kinderId', (SELECT last_insert_rowid()));INSERT INTO kinderschlagwoerter(kinderId, schlagwoerterId) VALUES ((SELECT wert FROM variablen WHERE name = 'kinderId'),(SELECT id FROM schlagwoerter WHERE bezeichnung='Gruppe rot'));INSERT INTO kinderschlagwoerter(kinderId, schlagwoerterId) VALUES ((SELECT wert FROM variablen WHERE name = 'kinderId'),(SELECT id FROM schlagwoerter WHERE bezeichnung='Stunden 35'));INSERT INTO kinderschlagwoerter(kinderId, schlagwoerterId) VALUES ((SELECT wert FROM variablen WHERE name = 'kinderId'),(SELECT id FROM schlagwoerter WHERE bezeichnung='Turngruppe 2-3'));INSERT INTO Kontaktpersonen(name, vorname, email, familienId, istStandardEmailKontakt) VALUES ('Franke','','franke@graphics4.de',(SELECT wert FROM variablen WHERE name='familienId'),1);","INSERT INTO Familien(name) VALUES('Frey');INSERT OR REPLACE INTO variablen(name,wert) VALUES('familienId', (SELECT last_insert_rowid()));INSERT INTO Kinder(name,vorname,familienId) VALUES('Frey','Levin',(SELECT wert FROM variablen WHERE name='familienId'));INSERT OR REPLACE INTO variablen(name,wert) VALUES('kinderId', (SELECT last_insert_rowid()));INSERT INTO kinderschlagwoerter(kinderId, schlagwoerterId) VALUES ((SELECT wert FROM variablen WHERE name = 'kinderId'),(SELECT id FROM schlagwoerter WHERE bezeichnung='Gruppe rot'));INSERT INTO kinderschlagwoerter(kinderId, schlagwoerterId) VALUES ((SELECT wert FROM variablen WHERE name = 'kinderId'),(SELECT id FROM schlagwoerter WHERE bezeichnung='Waldkind'));INSERT INTO kinderschlagwoerter(kinderId, schlagwoerterId) VALUES ((SELECT wert FROM variablen WHERE name = 'kinderId'),(SELECT id FROM schlagwoerter WHERE bezeichnung='Schwimmkind'));INSERT INTO kinderschlagwoerter(kinderId, schlagwoerterId) VALUES ((SELECT wert FROM variablen WHERE name = 'kinderId'),(SELECT id FROM schlagwoerter WHERE bezeichnung='Stunden 35'));INSERT INTO kinderschlagwoerter(kinderId, schlagwoerterId) VALUES ((SELECT wert FROM variablen WHERE name = 'kinderId'),(SELECT id FROM schlagwoerter WHERE bezeichnung='Turngruppe 4-5'));INSERT INTO Kontaktpersonen(name, vorname, email, familienId, istStandardEmailKontakt) VALUES ('Frey','Alexia','alexiaFrey@t-online.de',(SELECT wert FROM variablen WHERE name='familienId'),1);","INSERT INTO Familien(name) VALUES('Frey');INSERT OR REPLACE INTO variablen(name,wert) VALUES('familienId', (SELECT last_insert_rowid()));INSERT INTO Kinder(name,vorname,familienId) VALUES('Frey','Niklas',(SELECT wert FROM variablen WHERE name='familienId'));INSERT OR REPLACE INTO variablen(name,wert) VALUES('kinderId', (SELECT last_insert_rowid()));INSERT INTO kinderschlagwoerter(kinderId, schlagwoerterId) VALUES ((SELECT wert FROM variablen WHERE name = 'kinderId'),(SELECT id FROM schlagwoerter WHERE bezeichnung='Gruppe rot'));INSERT INTO kinderschlagwoerter(kinderId, schlagwoerterId) VALUES ((SELECT wert FROM variablen WHERE name = 'kinderId'),(SELECT id FROM schlagwoerter WHERE bezeichnung='Stunden 35'));INSERT INTO kinderschlagwoerter(kinderId, schlagwoerterId) VALUES ((SELECT wert FROM variablen WHERE name = 'kinderId'),(SELECT id FROM schlagwoerter WHERE bezeichnung='Turngruppe 3-4'));INSERT INTO Kontaktpersonen(name, vorname, email, familienId, istStandardEmailKontakt) VALUES ('Frey','Marion','Mary.Frey@gmx.de',(SELECT wert FROM variablen WHERE name='familienId'),1);","INSERT INTO Familien(name) VALUES('Gerhardt');INSERT OR REPLACE INTO variablen(name,wert) VALUES('familienId', (SELECT last_insert_rowid()));INSERT INTO Kinder(name,vorname,familienId) VALUES('Gerhardt','Janno',(SELECT wert FROM variablen WHERE name='familienId'));INSERT OR REPLACE INTO variablen(name,wert) VALUES('kinderId', (SELECT last_insert_rowid()));INSERT INTO kinderschlagwoerter(kinderId, schlagwoerterId) VALUES ((SELECT wert FROM variablen WHERE name = 'kinderId'),(SELECT id FROM schlagwoerter WHERE bezeichnung='Gruppe rot'));INSERT INTO kinderschlagwoerter(kinderId, schlagwoerterId) VALUES ((SELECT wert FROM variablen WHERE name = 'kinderId'),(SELECT id FROM schlagwoerter WHERE bezeichnung='Stunden 35'));INSERT INTO kinderschlagwoerter(kinderId, schlagwoerterId) VALUES ((SELECT wert FROM variablen WHERE name = 'kinderId'),(SELECT id FROM schlagwoerter WHERE bezeichnung='Turngruppe 2-3'));INSERT INTO Kontaktpersonen(name, vorname, email, familienId, istStandardEmailKontakt) VALUES ('Gerhardt','','mail@felixgerhardt.de',(SELECT wert FROM variablen WHERE name='familienId'),1);","INSERT INTO Familien(name) VALUES('Güney');INSERT OR REPLACE INTO variablen(name,wert) VALUES('familienId', (SELECT last_insert_rowid()));INSERT INTO Kinder(name,vorname,familienId) VALUES('Güney','Halil',(SELECT wert FROM variablen WHERE name='familienId'));INSERT OR REPLACE INTO variablen(name,wert) VALUES('kinderId', (SELECT last_insert_rowid()));INSERT INTO kinderschlagwoerter(kinderId, schlagwoerterId) VALUES ((SELECT wert FROM variablen WHERE name = 'kinderId'),(SELECT id FROM schlagwoerter WHERE bezeichnung='Gruppe rot'));INSERT INTO kinderschlagwoerter(kinderId, schlagwoerterId) VALUES ((SELECT wert FROM variablen WHERE name = 'kinderId'),(SELECT id FROM schlagwoerter WHERE bezeichnung='Waldkind'));INSERT INTO kinderschlagwoerter(kinderId, schlagwoerterId) VALUES ((SELECT wert FROM variablen WHERE name = 'kinderId'),(SELECT id FROM schlagwoerter WHERE bezeichnung='Schwimmkind'));INSERT INTO kinderschlagwoerter(kinderId, schlagwoerterId) VALUES ((SELECT wert FROM variablen WHERE name = 'kinderId'),(SELECT id FROM schlagwoerter WHERE bezeichnung='Stunden 35'));INSERT INTO kinderschlagwoerter(kinderId, schlagwoerterId) VALUES ((SELECT wert FROM variablen WHERE name = 'kinderId'),(SELECT id FROM schlagwoerter WHERE bezeichnung='Vorschulkind'));INSERT INTO kinderschlagwoerter(kinderId, schlagwoerterId) VALUES ((SELECT wert FROM variablen WHERE name = 'kinderId'),(SELECT id FROM schlagwoerter WHERE bezeichnung='Turngruppe 5-6'));INSERT INTO Kontaktpersonen(name, vorname, email, familienId, istStandardEmailKontakt) VALUES ('Güney','','sylkeprudlo@linguarama.com',(SELECT wert FROM variablen WHERE name='familienId'),1);","INSERT INTO Familien(name) VALUES('Kileci');INSERT OR REPLACE INTO variablen(name,wert) VALUES('familienId', (SELECT last_insert_rowid()));INSERT INTO Kinder(name,vorname,familienId) VALUES('Kilec','Bora Tan',(SELECT wert FROM variablen WHERE name='familienId'));INSERT OR REPLACE INTO variablen(name,wert) VALUES('kinderId', (SELECT last_insert_rowid()));INSERT INTO kinderschlagwoerter(kinderId, schlagwoerterId) VALUES ((SELECT wert FROM variablen WHERE name = 'kinderId'),(SELECT id FROM schlagwoerter WHERE bezeichnung='Gruppe rot'));INSERT INTO kinderschlagwoerter(kinderId, schlagwoerterId) VALUES ((SELECT wert FROM variablen WHERE name = 'kinderId'),(SELECT id FROM schlagwoerter WHERE bezeichnung='Waldkind'));INSERT INTO kinderschlagwoerter(kinderId, schlagwoerterId) VALUES ((SELECT wert FROM variablen WHERE name = 'kinderId'),(SELECT id FROM schlagwoerter WHERE bezeichnung='Schwimmkind'));INSERT INTO kinderschlagwoerter(kinderId, schlagwoerterId) VALUES ((SELECT wert FROM variablen WHERE name = 'kinderId'),(SELECT id FROM schlagwoerter WHERE bezeichnung='Stunden 45'));INSERT INTO kinderschlagwoerter(kinderId, schlagwoerterId) VALUES ((SELECT wert FROM variablen WHERE name = 'kinderId'),(SELECT id FROM schlagwoerter WHERE bezeichnung='Turngruppe 4-5'));INSERT INTO Kontaktpersonen(name, vorname, email, familienId, istStandardEmailKontakt) VALUES ('Kileci','Sevgi','sevgi.kileci@web.de',(SELECT wert FROM variablen WHERE name='familienId'),1);","INSERT INTO Familien(name) VALUES('Kuck');INSERT OR REPLACE INTO variablen(name,wert) VALUES('familienId', (SELECT last_insert_rowid()));INSERT INTO Kinder(name,vorname,familienId) VALUES('Kuck','Lena',(SELECT wert FROM variablen WHERE name='familienId'));INSERT OR REPLACE INTO variablen(name,wert) VALUES('kinderId', (SELECT last_insert_rowid()));INSERT INTO kinderschlagwoerter(kinderId, schlagwoerterId) VALUES ((SELECT wert FROM variablen WHERE name = 'kinderId'),(SELECT id FROM schlagwoerter WHERE bezeichnung='Gruppe rot'));INSERT INTO kinderschlagwoerter(kinderId, schlagwoerterId) VALUES ((SELECT wert FROM variablen WHERE name = 'kinderId'),(SELECT id FROM schlagwoerter WHERE bezeichnung='Schwimmkind'));INSERT INTO kinderschlagwoerter(kinderId, schlagwoerterId) VALUES ((SELECT wert FROM variablen WHERE name = 'kinderId'),(SELECT id FROM schlagwoerter WHERE bezeichnung='Stunden 35'));INSERT INTO kinderschlagwoerter(kinderId, schlagwoerterId) VALUES ((SELECT wert FROM variablen WHERE name = 'kinderId'),(SELECT id FROM schlagwoerter WHERE bezeichnung='Turngruppe 3-4'));INSERT INTO Kontaktpersonen(name, vorname, email, familienId, istStandardEmailKontakt) VALUES ('Kuck','Stephanie','stephanie.kuck@googlemail.com',(SELECT wert FROM variablen WHERE name='familienId'),1);","INSERT INTO Familien(name) VALUES('Luther');INSERT OR REPLACE INTO variablen(name,wert) VALUES('familienId', (SELECT last_insert_rowid()));INSERT INTO Kinder(name,vorname,familienId) VALUES('Luther','Sophie',(SELECT wert FROM variablen WHERE name='familienId'));INSERT OR REPLACE INTO variablen(name,wert) VALUES('kinderId', (SELECT last_insert_rowid()));INSERT INTO kinderschlagwoerter(kinderId, schlagwoerterId) VALUES ((SELECT wert FROM variablen WHERE name = 'kinderId'),(SELECT id FROM schlagwoerter WHERE bezeichnung='Gruppe rot'));INSERT INTO kinderschlagwoerter(kinderId, schlagwoerterId) VALUES ((SELECT wert FROM variablen WHERE name = 'kinderId'),(SELECT id FROM schlagwoerter WHERE bezeichnung='Waldkind'));INSERT INTO kinderschlagwoerter(kinderId, schlagwoerterId) VALUES ((SELECT wert FROM variablen WHERE name = 'kinderId'),(SELECT id FROM schlagwoerter WHERE bezeichnung='Schwimmkind'));INSERT INTO kinderschlagwoerter(kinderId, schlagwoerterId) VALUES ((SELECT wert FROM variablen WHERE name = 'kinderId'),(SELECT id FROM schlagwoerter WHERE bezeichnung='Stunden 35'));INSERT INTO kinderschlagwoerter(kinderId, schlagwoerterId) VALUES ((SELECT wert FROM variablen WHERE name = 'kinderId'),(SELECT id FROM schlagwoerter WHERE bezeichnung='Vorschulkind'));INSERT INTO kinderschlagwoerter(kinderId, schlagwoerterId) VALUES ((SELECT wert FROM variablen WHERE name = 'kinderId'),(SELECT id FROM schlagwoerter WHERE bezeichnung='Turngruppe 5-6'));INSERT INTO Kontaktpersonen(name, vorname, email, familienId, istStandardEmailKontakt) VALUES ('Luther','Matthias','m.burchardt@arcor.de',(SELECT wert FROM variablen WHERE name='familienId'),1);","INSERT OR REPLACE INTO variablen(name,wert) VALUES('familienId',(SELECT id FROM Familien WHERE name='Pesch'));INSERT INTO Kinder(name,vorname,familienId) VALUES('Pesch','Frieda',(SELECT wert FROM variablen WHERE name='familienId'));INSERT OR REPLACE INTO variablen(name,wert) VALUES('kinderId', (SELECT last_insert_rowid()));INSERT INTO kinderschlagwoerter(kinderId, schlagwoerterId) VALUES ((SELECT wert FROM variablen WHERE name = 'kinderId'),(SELECT id FROM schlagwoerter WHERE bezeichnung='Gruppe rot'));INSERT INTO kinderschlagwoerter(kinderId, schlagwoerterId) VALUES ((SELECT wert FROM variablen WHERE name = 'kinderId'),(SELECT id FROM schlagwoerter WHERE bezeichnung='Waldkind'));INSERT INTO kinderschlagwoerter(kinderId, schlagwoerterId) VALUES ((SELECT wert FROM variablen WHERE name = 'kinderId'),(SELECT id FROM schlagwoerter WHERE bezeichnung='Schwimmkind'));INSERT INTO kinderschlagwoerter(kinderId, schlagwoerterId) VALUES ((SELECT wert FROM variablen WHERE name = 'kinderId'),(SELECT id FROM schlagwoerter WHERE bezeichnung='Stunden 45'));INSERT INTO kinderschlagwoerter(kinderId, schlagwoerterId) VALUES ((SELECT wert FROM variablen WHERE name = 'kinderId'),(SELECT id FROM schlagwoerter WHERE bezeichnung='Turngruppe 4-5'));","INSERT INTO Familien(name) VALUES('Schmiedel');INSERT OR REPLACE INTO variablen(name,wert) VALUES('familienId', (SELECT last_insert_rowid()));INSERT INTO Kinder(name,vorname,familienId) VALUES('Schmiedel','Pauline',(SELECT wert FROM variablen WHERE name='familienId'));INSERT OR REPLACE INTO variablen(name,wert) VALUES('kinderId', (SELECT last_insert_rowid()));INSERT INTO kinderschlagwoerter(kinderId, schlagwoerterId) VALUES ((SELECT wert FROM variablen WHERE name = 'kinderId'),(SELECT id FROM schlagwoerter WHERE bezeichnung='Gruppe rot'));INSERT INTO kinderschlagwoerter(kinderId, schlagwoerterId) VALUES ((SELECT wert FROM variablen WHERE name = 'kinderId'),(SELECT id FROM schlagwoerter WHERE bezeichnung='Stunden 35'));INSERT INTO kinderschlagwoerter(kinderId, schlagwoerterId) VALUES ((SELECT wert FROM variablen WHERE name = 'kinderId'),(SELECT id FROM schlagwoerter WHERE bezeichnung='Turngruppe 3-4'));INSERT INTO Kontaktpersonen(name, vorname, email, familienId, istStandardEmailKontakt) VALUES ('Schmiedel','','actiondealer@gmx.de',(SELECT wert FROM variablen WHERE name='familienId'),1);","INSERT OR REPLACE INTO variablen(name,wert) VALUES('familienId',(SELECT id FROM Familien WHERE name='Simon'));INSERT INTO Kinder(name,vorname,familienId) VALUES('Simon','Tammo',(SELECT wert FROM variablen WHERE name='familienId'));INSERT OR REPLACE INTO variablen(name,wert) VALUES('kinderId', (SELECT last_insert_rowid()));INSERT INTO kinderschlagwoerter(kinderId, schlagwoerterId) VALUES ((SELECT wert FROM variablen WHERE name = 'kinderId'),(SELECT id FROM schlagwoerter WHERE bezeichnung='Gruppe rot'));INSERT INTO kinderschlagwoerter(kinderId, schlagwoerterId) VALUES ((SELECT wert FROM variablen WHERE name = 'kinderId'),(SELECT id FROM schlagwoerter WHERE bezeichnung='Schwimmkind'));INSERT INTO kinderschlagwoerter(kinderId, schlagwoerterId) VALUES ((SELECT wert FROM variablen WHERE name = 'kinderId'),(SELECT id FROM schlagwoerter WHERE bezeichnung='Stunden 45'));INSERT INTO kinderschlagwoerter(kinderId, schlagwoerterId) VALUES ((SELECT wert FROM variablen WHERE name = 'kinderId'),(SELECT id FROM schlagwoerter WHERE bezeichnung='Turngruppe 3-4'));","INSERT INTO Familien(name) VALUES('Stollenwerk');INSERT OR REPLACE INTO variablen(name,wert) VALUES('familienId', (SELECT last_insert_rowid()));INSERT INTO Kinder(name,vorname,familienId) VALUES('Stollenwerk','Jasper',(SELECT wert FROM variablen WHERE name='familienId'));INSERT OR REPLACE INTO variablen(name,wert) VALUES('kinderId', (SELECT last_insert_rowid()));INSERT INTO kinderschlagwoerter(kinderId, schlagwoerterId) VALUES ((SELECT wert FROM variablen WHERE name = 'kinderId'),(SELECT id FROM schlagwoerter WHERE bezeichnung='Gruppe rot'));INSERT INTO kinderschlagwoerter(kinderId, schlagwoerterId) VALUES ((SELECT wert FROM variablen WHERE name = 'kinderId'),(SELECT id FROM schlagwoerter WHERE bezeichnung='Waldkind'));INSERT INTO kinderschlagwoerter(kinderId, schlagwoerterId) VALUES ((SELECT wert FROM variablen WHERE name = 'kinderId'),(SELECT id FROM schlagwoerter WHERE bezeichnung='Schwimmkind'));INSERT INTO kinderschlagwoerter(kinderId, schlagwoerterId) VALUES ((SELECT wert FROM variablen WHERE name = 'kinderId'),(SELECT id FROM schlagwoerter WHERE bezeichnung='Stunden 35'));INSERT INTO kinderschlagwoerter(kinderId, schlagwoerterId) VALUES ((SELECT wert FROM variablen WHERE name = 'kinderId'),(SELECT id FROM schlagwoerter WHERE bezeichnung='Turngruppe 4-5'));INSERT INTO Kontaktpersonen(name, vorname, email, familienId, istStandardEmailKontakt) VALUES ('Stollenwerk','Angela','angela.stollenwerk@gmx.de',(SELECT wert FROM variablen WHERE name='familienId'),1);","INSERT INTO Familien(name) VALUES('Thomsen');INSERT OR REPLACE INTO variablen(name,wert) VALUES('familienId', (SELECT last_insert_rowid()));INSERT INTO Kinder(name,vorname,familienId) VALUES('Thomsen','Lovis',(SELECT wert FROM variablen WHERE name='familienId'));INSERT OR REPLACE INTO variablen(name,wert) VALUES('kinderId', (SELECT last_insert_rowid()));INSERT INTO kinderschlagwoerter(kinderId, schlagwoerterId) VALUES ((SELECT wert FROM variablen WHERE name = 'kinderId'),(SELECT id FROM schlagwoerter WHERE bezeichnung='Gruppe rot'));INSERT INTO kinderschlagwoerter(kinderId, schlagwoerterId) VALUES ((SELECT wert FROM variablen WHERE name = 'kinderId'),(SELECT id FROM schlagwoerter WHERE bezeichnung='Waldkind'));INSERT INTO kinderschlagwoerter(kinderId, schlagwoerterId) VALUES ((SELECT wert FROM variablen WHERE name = 'kinderId'),(SELECT id FROM schlagwoerter WHERE bezeichnung='Schwimmkind'));INSERT INTO kinderschlagwoerter(kinderId, schlagwoerterId) VALUES ((SELECT wert FROM variablen WHERE name = 'kinderId'),(SELECT id FROM schlagwoerter WHERE bezeichnung='Stunden 35'));INSERT INTO kinderschlagwoerter(kinderId, schlagwoerterId) VALUES ((SELECT wert FROM variablen WHERE name = 'kinderId'),(SELECT id FROM schlagwoerter WHERE bezeichnung='Turngruppe 4-5'));INSERT INTO Kontaktpersonen(name, vorname, email, familienId, istStandardEmailKontakt) VALUES ('Thomsen','Sylvia','sylviathomsen@online.de',(SELECT wert FROM variablen WHERE name='familienId'),1);","INSERT INTO Familien(name) VALUES('Zaunbrecher');INSERT OR REPLACE INTO variablen(name,wert) VALUES('familienId', (SELECT last_insert_rowid()));INSERT INTO Kinder(name,vorname,familienId) VALUES('Zaunbrecher','Erwin',(SELECT wert FROM variablen WHERE name='familienId'));INSERT OR REPLACE INTO variablen(name,wert) VALUES('kinderId', (SELECT last_insert_rowid()));INSERT INTO kinderschlagwoerter(kinderId, schlagwoerterId) VALUES ((SELECT wert FROM variablen WHERE name = 'kinderId'),(SELECT id FROM schlagwoerter WHERE bezeichnung='Gruppe rot'));INSERT INTO kinderschlagwoerter(kinderId, schlagwoerterId) VALUES ((SELECT wert FROM variablen WHERE name = 'kinderId'),(SELECT id FROM schlagwoerter WHERE bezeichnung='Schwimmkind'));INSERT INTO kinderschlagwoerter(kinderId, schlagwoerterId) VALUES ((SELECT wert FROM variablen WHERE name = 'kinderId'),(SELECT id FROM schlagwoerter WHERE bezeichnung='Stunden 35'));INSERT INTO kinderschlagwoerter(kinderId, schlagwoerterId) VALUES ((SELECT wert FROM variablen WHERE name = 'kinderId'),(SELECT id FROM schlagwoerter WHERE bezeichnung='Turngruppe 3-4'));INSERT INTO Kontaktpersonen(name, vorname, email, familienId, istStandardEmailKontakt) VALUES ('Zaunbrecher','Kerstin','kerstin.zaunbrecher@gmx.de',(SELECT wert FROM variablen WHERE name='familienId'),1);","INSERT INTO Familien(name) VALUES('Zimmer');INSERT OR REPLACE INTO variablen(name,wert) VALUES('familienId', (SELECT last_insert_rowid()));INSERT INTO Kinder(name,vorname,familienId) VALUES('Zimmer','Timo',(SELECT wert FROM variablen WHERE name='familienId'));INSERT OR REPLACE INTO variablen(name,wert) VALUES('kinderId', (SELECT last_insert_rowid()));INSERT INTO kinderschlagwoerter(kinderId, schlagwoerterId) VALUES ((SELECT wert FROM variablen WHERE name = 'kinderId'),(SELECT id FROM schlagwoerter WHERE bezeichnung='Gruppe rot'));INSERT INTO kinderschlagwoerter(kinderId, schlagwoerterId) VALUES ((SELECT wert FROM variablen WHERE name = 'kinderId'),(SELECT id FROM schlagwoerter WHERE bezeichnung='Waldkind'));INSERT INTO kinderschlagwoerter(kinderId, schlagwoerterId) VALUES ((SELECT wert FROM variablen WHERE name = 'kinderId'),(SELECT id FROM schlagwoerter WHERE bezeichnung='Schwimmkind'));INSERT INTO kinderschlagwoerter(kinderId, schlagwoerterId) VALUES ((SELECT wert FROM variablen WHERE name = 'kinderId'),(SELECT id FROM schlagwoerter WHERE bezeichnung='Stunden 35'));INSERT INTO kinderschlagwoerter(kinderId, schlagwoerterId) VALUES ((SELECT wert FROM variablen WHERE name = 'kinderId'),(SELECT id FROM schlagwoerter WHERE bezeichnung='Vorschulkind'));INSERT INTO kinderschlagwoerter(kinderId, schlagwoerterId) VALUES ((SELECT wert FROM variablen WHERE name = 'kinderId'),(SELECT id FROM schlagwoerter WHERE bezeichnung='Turngruppe 5-6'));INSERT INTO Kontaktpersonen(name, vorname, email, familienId, istStandardEmailKontakt) VALUES ('Zimmer','Verena','verena.zimmer@netcologne.de',(SELECT wert FROM variablen WHERE name='familienId'),1);","INSERT INTO Familien(name) VALUES('Bohlander');INSERT OR REPLACE INTO variablen(name,wert) VALUES('familienId', (SELECT last_insert_rowid()));INSERT INTO Kinder(name,vorname,familienId) VALUES('Bohlander','Tom',(SELECT wert FROM variablen WHERE name='familienId'));INSERT OR REPLACE INTO variablen(name,wert) VALUES('kinderId', (SELECT last_insert_rowid()));INSERT INTO kinderschlagwoerter(kinderId, schlagwoerterId) VALUES ((SELECT wert FROM variablen WHERE name = 'kinderId'),(SELECT id FROM schlagwoerter WHERE bezeichnung='Gruppe grün'));INSERT INTO kinderschlagwoerter(kinderId, schlagwoerterId) VALUES ((SELECT wert FROM variablen WHERE name = 'kinderId'),(SELECT id FROM schlagwoerter WHERE bezeichnung='Stunden 35'));INSERT INTO kinderschlagwoerter(kinderId, schlagwoerterId) VALUES ((SELECT wert FROM variablen WHERE name = 'kinderId'),(SELECT id FROM schlagwoerter WHERE bezeichnung='Turngruppe 2-3'));INSERT INTO Kontaktpersonen(name, vorname, email, familienId, istStandardEmailKontakt) VALUES ('Bohlander','Tatjana','tatjana.bohlander@web.de',(SELECT wert FROM variablen WHERE name='familienId'),1);","INSERT INTO Familien(name) VALUES('Franzky');INSERT OR REPLACE INTO variablen(name,wert) VALUES('familienId', (SELECT last_insert_rowid()));INSERT INTO Kinder(name,vorname,familienId) VALUES('Franzky','Rosa',(SELECT wert FROM variablen WHERE name='familienId'));INSERT OR REPLACE INTO variablen(name,wert) VALUES('kinderId', (SELECT last_insert_rowid()));INSERT INTO kinderschlagwoerter(kinderId, schlagwoerterId) VALUES ((SELECT wert FROM variablen WHERE name = 'kinderId'),(SELECT id FROM schlagwoerter WHERE bezeichnung='Gruppe grün'));INSERT INTO kinderschlagwoerter(kinderId, schlagwoerterId) VALUES ((SELECT wert FROM variablen WHERE name = 'kinderId'),(SELECT id FROM schlagwoerter WHERE bezeichnung='Stunden 35'));INSERT INTO kinderschlagwoerter(kinderId, schlagwoerterId) VALUES ((SELECT wert FROM variablen WHERE name = 'kinderId'),(SELECT id FROM schlagwoerter WHERE bezeichnung='Turngruppe 2-3'));INSERT INTO Kontaktpersonen(name, vorname, email, familienId, istStandardEmailKontakt) VALUES ('Franzky','Diane','dianeschlich@gmx.de',(SELECT wert FROM variablen WHERE name='familienId'),1);","INSERT INTO Familien(name) VALUES('Ehrentraut');INSERT OR REPLACE INTO variablen(name,wert) VALUES('familienId', (SELECT last_insert_rowid()));INSERT INTO Kinder(name,vorname,familienId) VALUES('Ehrentraut','Maximilian',(SELECT wert FROM variablen WHERE name='familienId'));INSERT OR REPLACE INTO variablen(name,wert) VALUES('kinderId', (SELECT last_insert_rowid()));INSERT INTO kinderschlagwoerter(kinderId, schlagwoerterId) VALUES ((SELECT wert FROM variablen WHERE name = 'kinderId'),(SELECT id FROM schlagwoerter WHERE bezeichnung='Gruppe grün'));INSERT INTO kinderschlagwoerter(kinderId, schlagwoerterId) VALUES ((SELECT wert FROM variablen WHERE name = 'kinderId'),(SELECT id FROM schlagwoerter WHERE bezeichnung='Stunden 35'));INSERT INTO kinderschlagwoerter(kinderId, schlagwoerterId) VALUES ((SELECT wert FROM variablen WHERE name = 'kinderId'),(SELECT id FROM schlagwoerter WHERE bezeichnung='Turngruppe U2'));INSERT INTO Kontaktpersonen(name, vorname, email, familienId, istStandardEmailKontakt) VALUES ('Ehrentraut','Nicole','nicole.ehrentraut@gmx.de',(SELECT wert FROM variablen WHERE name='familienId'),1);","INSERT OR REPLACE INTO variablen(name,wert) VALUES('familienId',(SELECT id FROM Familien WHERE name='Gatzke'));INSERT INTO Kinder(name,vorname,familienId) VALUES('Gatzke','Pippa',(SELECT wert FROM variablen WHERE name='familienId'));INSERT OR REPLACE INTO variablen(name,wert) VALUES('kinderId', (SELECT last_insert_rowid()));INSERT INTO kinderschlagwoerter(kinderId, schlagwoerterId) VALUES ((SELECT wert FROM variablen WHERE name = 'kinderId'),(SELECT id FROM schlagwoerter WHERE bezeichnung='Gruppe grün'));INSERT INTO kinderschlagwoerter(kinderId, schlagwoerterId) VALUES ((SELECT wert FROM variablen WHERE name = 'kinderId'),(SELECT id FROM schlagwoerter WHERE bezeichnung='Stunden 35'));INSERT INTO kinderschlagwoerter(kinderId, schlagwoerterId) VALUES ((SELECT wert FROM variablen WHERE name = 'kinderId'),(SELECT id FROM schlagwoerter WHERE bezeichnung='Turngruppe 2-3'));","INSERT INTO Familien(name) VALUES('Kleofasz');INSERT OR REPLACE INTO variablen(name,wert) VALUES('familienId', (SELECT last_insert_rowid()));INSERT INTO Kinder(name,vorname,familienId) VALUES('Kleofasz','Moritz',(SELECT wert FROM variablen WHERE name='familienId'));INSERT OR REPLACE INTO variablen(name,wert) VALUES('kinderId', (SELECT last_insert_rowid()));INSERT INTO kinderschlagwoerter(kinderId, schlagwoerterId) VALUES ((SELECT wert FROM variablen WHERE name = 'kinderId'),(SELECT id FROM schlagwoerter WHERE bezeichnung='Gruppe grün'));INSERT INTO kinderschlagwoerter(kinderId, schlagwoerterId) VALUES ((SELECT wert FROM variablen WHERE name = 'kinderId'),(SELECT id FROM schlagwoerter WHERE bezeichnung='Stunden 35'));INSERT INTO kinderschlagwoerter(kinderId, schlagwoerterId) VALUES ((SELECT wert FROM variablen WHERE name = 'kinderId'),(SELECT id FROM schlagwoerter WHERE bezeichnung='Turngruppe 2-3'));INSERT INTO Kontaktpersonen(name, vorname, email, familienId, istStandardEmailKontakt) VALUES ('Kleofasz','Gisela','gisela.reipen@gmx.de',(SELECT wert FROM variablen WHERE name='familienId'),1);","INSERT INTO Familien(name) VALUES('Linden');INSERT OR REPLACE INTO variablen(name,wert) VALUES('familienId', (SELECT last_insert_rowid()));INSERT INTO Kinder(name,vorname,familienId) VALUES('Linden','Lisa',(SELECT wert FROM variablen WHERE name='familienId'));INSERT OR REPLACE INTO variablen(name,wert) VALUES('kinderId', (SELECT last_insert_rowid()));INSERT INTO kinderschlagwoerter(kinderId, schlagwoerterId) VALUES ((SELECT wert FROM variablen WHERE name = 'kinderId'),(SELECT id FROM schlagwoerter WHERE bezeichnung='Gruppe grün'));INSERT INTO kinderschlagwoerter(kinderId, schlagwoerterId) VALUES ((SELECT wert FROM variablen WHERE name = 'kinderId'),(SELECT id FROM schlagwoerter WHERE bezeichnung='Stunden 35'));INSERT INTO kinderschlagwoerter(kinderId, schlagwoerterId) VALUES ((SELECT wert FROM variablen WHERE name = 'kinderId'),(SELECT id FROM schlagwoerter WHERE bezeichnung='Turngruppe 2-3'));INSERT INTO Kontaktpersonen(name, vorname, email, familienId, istStandardEmailKontakt) VALUES ('Linden','','vzybina@gmx.de',(SELECT wert FROM variablen WHERE name='familienId'),1);","INSERT INTO Familien(name) VALUES('Lohmann');INSERT OR REPLACE INTO variablen(name,wert) VALUES('familienId', (SELECT last_insert_rowid()));INSERT INTO Kinder(name,vorname,familienId) VALUES('Lohmann','Kalea',(SELECT wert FROM variablen WHERE name='familienId'));INSERT OR REPLACE INTO variablen(name,wert) VALUES('kinderId', (SELECT last_insert_rowid()));INSERT INTO kinderschlagwoerter(kinderId, schlagwoerterId) VALUES ((SELECT wert FROM variablen WHERE name = 'kinderId'),(SELECT id FROM schlagwoerter WHERE bezeichnung='Gruppe grün'));INSERT INTO kinderschlagwoerter(kinderId, schlagwoerterId) VALUES ((SELECT wert FROM variablen WHERE name = 'kinderId'),(SELECT id FROM schlagwoerter WHERE bezeichnung='Stunden 35'));INSERT INTO kinderschlagwoerter(kinderId, schlagwoerterId) VALUES ((SELECT wert FROM variablen WHERE name = 'kinderId'),(SELECT id FROM schlagwoerter WHERE bezeichnung='Turngruppe 2-3'));INSERT INTO Kontaktpersonen(name, vorname, email, familienId, istStandardEmailKontakt) VALUES ('Lohmann','Thorsten','thorsten.klink_lohmann@yahoo.de',(SELECT wert FROM variablen WHERE name='familienId'),1);","INSERT INTO Familien(name) VALUES('Nebel');INSERT OR REPLACE INTO variablen(name,wert) VALUES('familienId', (SELECT last_insert_rowid()));INSERT INTO Kinder(name,vorname,familienId) VALUES('Nebel','Noam',(SELECT wert FROM variablen WHERE name='familienId'));INSERT OR REPLACE INTO variablen(name,wert) VALUES('kinderId', (SELECT last_insert_rowid()));INSERT INTO kinderschlagwoerter(kinderId, schlagwoerterId) VALUES ((SELECT wert FROM variablen WHERE name = 'kinderId'),(SELECT id FROM schlagwoerter WHERE bezeichnung='Gruppe grün'));INSERT INTO kinderschlagwoerter(kinderId, schlagwoerterId) VALUES ((SELECT wert FROM variablen WHERE name = 'kinderId'),(SELECT id FROM schlagwoerter WHERE bezeichnung='Stunden 35'));INSERT INTO kinderschlagwoerter(kinderId, schlagwoerterId) VALUES ((SELECT wert FROM variablen WHERE name = 'kinderId'),(SELECT id FROM schlagwoerter WHERE bezeichnung='Turngruppe U2'));INSERT INTO Kontaktpersonen(name, vorname, email, familienId, istStandardEmailKontakt) VALUES ('Nebel','','kockandreakoch@web.de',(SELECT wert FROM variablen WHERE name='familienId'),1);","INSERT INTO Familien(name) VALUES('Nix');INSERT OR REPLACE INTO variablen(name,wert) VALUES('familienId', (SELECT last_insert_rowid()));INSERT INTO Kinder(name,vorname,familienId) VALUES('Nix','Lotta',(SELECT wert FROM variablen WHERE name='familienId'));INSERT OR REPLACE INTO variablen(name,wert) VALUES('kinderId', (SELECT last_insert_rowid()));INSERT INTO kinderschlagwoerter(kinderId, schlagwoerterId) VALUES ((SELECT wert FROM variablen WHERE name = 'kinderId'),(SELECT id FROM schlagwoerter WHERE bezeichnung='Gruppe grün'));INSERT INTO kinderschlagwoerter(kinderId, schlagwoerterId) VALUES ((SELECT wert FROM variablen WHERE name = 'kinderId'),(SELECT id FROM schlagwoerter WHERE bezeichnung='Stunden 35'));INSERT INTO kinderschlagwoerter(kinderId, schlagwoerterId) VALUES ((SELECT wert FROM variablen WHERE name = 'kinderId'),(SELECT id FROM schlagwoerter WHERE bezeichnung='Turngruppe U2'));INSERT INTO Kontaktpersonen(name, vorname, email, familienId, istStandardEmailKontakt) VALUES ('Nix','Isabell','isabell.nix@gmx.net',(SELECT wert FROM variablen WHERE name='familienId'),1);","INSERT INTO Familien(name) VALUES('Schmidt');INSERT OR REPLACE INTO variablen(name,wert) VALUES('familienId', (SELECT last_insert_rowid()));INSERT INTO Kinder(name,vorname,familienId) VALUES('Schmidt','Alexander',(SELECT wert FROM variablen WHERE name='familienId'));INSERT OR REPLACE INTO variablen(name,wert) VALUES('kinderId', (SELECT last_insert_rowid()));INSERT INTO kinderschlagwoerter(kinderId, schlagwoerterId) VALUES ((SELECT wert FROM variablen WHERE name = 'kinderId'),(SELECT id FROM schlagwoerter WHERE bezeichnung='Gruppe grün'));INSERT INTO kinderschlagwoerter(kinderId, schlagwoerterId) VALUES ((SELECT wert FROM variablen WHERE name = 'kinderId'),(SELECT id FROM schlagwoerter WHERE bezeichnung='Stunden 35'));INSERT INTO kinderschlagwoerter(kinderId, schlagwoerterId) VALUES ((SELECT wert FROM variablen WHERE name = 'kinderId'),(SELECT id FROM schlagwoerter WHERE bezeichnung='Turngruppe 2-3'));INSERT INTO Kontaktpersonen(name, vorname, email, familienId, istStandardEmailKontakt) VALUES ('Schmidt','Eugen','schmidt.eugen@gmail.com',(SELECT wert FROM variablen WHERE name='familienId'),1);","INSERT INTO Familien(name) VALUES('Stöß');INSERT OR REPLACE INTO variablen(name,wert) VALUES('familienId', (SELECT last_insert_rowid()));INSERT INTO Kinder(name,vorname,familienId) VALUES('Stöß','Mia',(SELECT wert FROM variablen WHERE name='familienId'));INSERT OR REPLACE INTO variablen(name,wert) VALUES('kinderId', (SELECT last_insert_rowid()));INSERT INTO kinderschlagwoerter(kinderId, schlagwoerterId) VALUES ((SELECT wert FROM variablen WHERE name = 'kinderId'),(SELECT id FROM schlagwoerter WHERE bezeichnung='Gruppe grün'));INSERT INTO kinderschlagwoerter(kinderId, schlagwoerterId) VALUES ((SELECT wert FROM variablen WHERE name = 'kinderId'),(SELECT id FROM schlagwoerter WHERE bezeichnung='Stunden 35'));INSERT INTO kinderschlagwoerter(kinderId, schlagwoerterId) VALUES ((SELECT wert FROM variablen WHERE name = 'kinderId'),(SELECT id FROM schlagwoerter WHERE bezeichnung='Turngruppe 2-3'));INSERT INTO Kontaktpersonen(name, vorname, email, familienId, istStandardEmailKontakt) VALUES ('Stöß','','fabius31@web.de',(SELECT wert FROM variablen WHERE name='familienId'),1);","INSERT INTO Familien(name) VALUES('Wolf');INSERT OR REPLACE INTO variablen(name,wert) VALUES('familienId', (SELECT last_insert_rowid()));INSERT INTO Kinder(name,vorname,familienId) VALUES('Wolf','Jannis',(SELECT wert FROM variablen WHERE name='familienId'));INSERT OR REPLACE INTO variablen(name,wert) VALUES('kinderId', (SELECT last_insert_rowid()));INSERT INTO kinderschlagwoerter(kinderId, schlagwoerterId) VALUES ((SELECT wert FROM variablen WHERE name = 'kinderId'),(SELECT id FROM schlagwoerter WHERE bezeichnung='Gruppe grün'));INSERT INTO kinderschlagwoerter(kinderId, schlagwoerterId) VALUES ((SELECT wert FROM variablen WHERE name = 'kinderId'),(SELECT id FROM schlagwoerter WHERE bezeichnung='Stunden 35'));INSERT INTO kinderschlagwoerter(kinderId, schlagwoerterId) VALUES ((SELECT wert FROM variablen WHERE name = 'kinderId'),(SELECT id FROM schlagwoerter WHERE bezeichnung='Turngruppe U2'));INSERT INTO Kontaktpersonen(name, vorname, email, familienId, istStandardEmailKontakt) VALUES ('Wolf','Anja','anja@clubwolf.de',(SELECT wert FROM variablen WHERE name='familienId'),1);","","","DROP table variablen;",""]}]}],[{"group":"doc","deltas":[{"start":{"row":77,"column":0},"end":{"row":105,"column":2},"action":"remove","lines":["","","/*","INSERT INTO familien(id, name) VALUES ","\t(1,'Auerbach');","INSERT INTO kontaktpersonen(id, name, vorname, kommentar, familienId) VALUES ","\t(1, 'Auerbach', 'Arndt', 'Vater', 1),","\t(2, 'Auerbach', 'Amalie', 'Mutter', 1);","INSERT INTO kinder(id, name, vorname, familienId) VALUES ","\t(1, 'Auerbach', 'Arno junior', 1),","\t(2, 'Auerbach', 'Amy', 1);","INSERT INTO kinderschlagwoerter(kinderId, schlagwoerterId) VALUES","\t(1,1),","\t(1,2),","\t(2,1),","\t(2,3);","","INSERT INTO familien(id, name) VALUES ","\t(2,'Becker');","INSERT INTO kontaktpersonen(id, name, vorname, kommentar, familienId) VALUES ","\t(3, 'Becker', 'Bert', 'Vater', 2),","\t(4, 'Becker', 'Brunhilde', 'Mutter', 2);","INSERT INTO kinder(id, name, vorname, familienId) VALUES ","\t(3, 'Becker', 'Boris junior', 2),","\t(4, 'Becker', 'Beate', 2);","INSERT INTO kinderschlagwoerter(kinderId, schlagwoerterId) VALUES","\t(3,1),","\t(3,2);","*/"]}]}],[{"group":"doc","deltas":[{"start":{"row":58,"column":0},"end":{"row":59,"column":0},"action":"remove","lines":["INSERT INTO user(username, password) VALUES",""]}]}],[{"group":"doc","deltas":[{"start":{"row":58,"column":0},"end":{"row":59,"column":0},"action":"remove","lines":["\t('axel.barkow', 'pass'),",""]}]}],[{"group":"doc","deltas":[{"start":{"row":58,"column":0},"end":{"row":59,"column":0},"action":"remove","lines":["\t('monika.hoevel', 'ha8Gqn6E2');",""]}]}],[{"group":"doc","deltas":[{"start":{"row":58,"column":0},"end":{"row":59,"column":0},"action":"remove","lines":["",""]}]}],[{"group":"doc","deltas":[{"start":{"row":57,"column":0},"end":{"row":58,"column":0},"action":"remove","lines":["",""]}]}]]},"ace":{"folds":[],"scrolltop":552,"scrollleft":0,"selection":{"start":{"row":72,"column":0},"end":{"row":72,"column":0},"isBackwards":false},"options":{"guessTabSize":true,"useWrapMode":false,"wrapToView":true},"firstLineState":0},"timestamp":1420923084784,"hash":"949c4bf38c035159013c1123c5ea1f50e9b345ef"}